2014.04.16,00:00,14418.00000,14423.00000,14368.00000,14390.00000,222
2014.04.17,00:00,14393.00000,14518.00000,14348.00000,14498.00000,10094
2014.04.20,00:00,14503.00000,14564.00000,14503.00000,14549.00000,101
2014.04.21,00:00,14546.00000,14649.00000,14494.00000,14577.00000,3458
2014.04.22,00:00,14576.00000,14604.00000,14339.00000,14489.00000,6754
2014.04.23,00:00,14491.00000,14569.00000,14424.00000,14554.00000,6872
2014.04.24,00:00,14559.00000,14559.00000,14264.00000,14377.00000,9319
2014.04.25,00:00,14376.00000,14564.00000,14257.00000,14311.00000,9635
2014.04.29,00:00,14449.00000,14479.00000,14399.00000,14420.00000,1125
2014.04.30,00:00,14415.00000,14425.00000,14201.00000,14343.00000,9421
2014.05.01,00:00,14341.00000,14493.00000,14340.00000,14437.00000,5164
2014.05.02,00:00,14442.00000,14567.00000,14343.00000,14376.00000,8909
2014.05.05,00:00,14384.00000,14401.00000,14258.00000,14348.00000,3047
2014.05.06,00:00,14341.00000,14353.00000,14178.00000,14220.00000,4670
2014.05.07,00:00,14250.00000,14280.00000,14025.00000,14188.00000,9339
2014.05.08,00:00,14186.00000,14256.00000,14103.00000,14208.00000,2507
2014.06.19,00:00,15362.00000,15403.00000,15296.00000,15382.00000,2376
2014.06.20,00:00,15377.00000,15486.00000,15297.00000,15451.00000,3155
2014.06.22,00:00,15437.00000,15437.00000,15437.00000,15437.00000,1
2014.06.23,00:00,15415.00000,15450.00000,15276.00000,15322.00000,3044
2014.06.24,00:00,15317.00000,15481.00000,15251.00000,15297.00000,3270
2014.06.25,00:00,15307.00000,15383.00000,15221.00000,15335.00000,3944
2014.06.26,00:00,15330.00000,15346.00000,15211.00000,15308.00000,3651
2014.06.27,00:00,15307.00000,15311.00000,15018.00000,15106.00000,3979
2014.06.29,00:00,15124.00000,15124.00000,15124.00000,15124.00000,1
2014.06.30,00:00,15127.00000,15191.00000,15046.00000,15157.00000,3393
2014.07.01,00:00,15160.00000,15436.00000,15141.00000,15409.00000,3881
2014.07.02,00:00,15419.00000,15446.00000,15346.00000,15402.00000,3134
2014.07.03,00:00,15404.00000,15446.00000,15318.00000,15441.00000,3078
2014.07.04,00:00,15432.00000,15526.00000,15407.00000,15451.00000,1623
2014.07.07,00:00,14948.00000,14976.00000,14792.00000,14798.00000,2345
2014.07.08,00:00,14795.00000,14892.00000,14702.00000,14747.00000,3690
2014.07.09,00:00,14748.00000,14867.00000,14682.00000,14867.00000,3461
2014.07.10,00:00,14867.00000,14872.00000,14503.00000,14598.00000,4175
2014.07.11,00:00,14603.00000,14723.00000,14573.00000,14678.00000,3113
2014.07.13,00:00,14673.00000,14673.00000,14673.00000,14673.00000,1
2014.07.14,00:00,14681.00000,14888.00000,14673.00000,14843.00000,2203
2014.07.15,00:00,14843.00000,14943.00000,14825.00000,14900.00000,4052
2014.07.16,00:00,14895.00000,14972.00000,14852.00000,14937.00000,2949
2014.07.17,00:00,14932.00000,14964.00000,14694.00000,14707.00000,4914
2014.07.18,00:00,14713.00000,14837.00000,14602.00000,14827.00000,4063
2014.07.20,00:00,14830.00000,14830.00000,14830.00000,14830.00000,1
2014.07.21,00:00,14817.00000,14873.00000,14688.00000,14758.00000,2074
2014.07.22,00:00,14759.00000,14893.00000,14753.00000,14833.00000,3446
2014.07.23,00:00,14827.00000,14878.00000,14813.00000,14848.00000,2422
2014.07.24,00:00,14847.00000,14888.00000,14730.00000,14828.00000,2920
2014.07.25,00:00,14829.00000,15043.00000,14823.00000,14934.00000,3137
2014.07.28,00:00,14933.00000,15099.00000,14909.00000,15049.00000,4073
2014.07.29,00:00,15048.00000,15199.00000,15048.00000,15108.00000,4191
2014.07.30,00:00,15108.00000,15283.00000,15093.00000,15258.00000,5297
2014.07.31,00:00,15260.00000,15273.00000,14963.00000,14963.00000,6179
2014.08.01,00:00,14968.00000,15109.00000,14898.00000,14983.00000,8290
2014.08.03,00:00,14923.00000,14923.00000,14923.00000,14923.00000,1
2014.08.04,00:00,14930.00000,15038.00000,14893.00000,15003.00000,4630
2014.08.05,00:00,15003.00000,15028.00000,14668.00000,14728.00000,5598
2014.08.06,00:00,14735.00000,14793.00000,14514.00000,14578.00000,6216
2014.08.07,00:00,14588.00000,15218.00000,14553.00000,14995.00000,7844
2014.08.08,00:00,14998.00000,15063.00000,14658.00000,14960.00000,9831
2014.08.10,00:00,14988.00000,14988.00000,14988.00000,14988.00000,1
2014.08.11,00:00,14984.00000,15193.00000,14973.00000,15143.00000,4202
2014.08.12,00:00,15147.00000,15233.00000,15074.00000,15129.00000,4208
2014.08.13,00:00,15129.00000,15329.00000,15104.00000,15308.00000,3691
2014.08.14,00:00,15313.00000,15348.00000,15238.00000,15338.00000,2989
2014.08.15,00:00,15340.00000,15383.00000,15203.00000,15268.00000,5045
2014.08.17,00:00,15288.00000,15288.00000,15288.00000,15288.00000,1
2014.08.18,00:00,15273.00000,15433.00000,15273.00000,15430.00000,3546
2014.08.19,00:00,15429.00000,15503.00000,15413.00000,15503.00000,3110
2014.08.20,00:00,15504.00000,15573.00000,15398.00000,15548.00000,3757
2014.08.21,00:00,15559.00000,15654.00000,15518.00000,15644.00000,3209
2014.08.22,00:00,15644.00000,15646.00000,15444.00000,15534.00000,4318
2014.08.24,00:00,15556.00000,15556.00000,15556.00000,15556.00000,1
2014.08.25,00:00,15506.00000,15641.00000,15506.00000,15586.00000,1841
2014.08.26,00:00,15584.00000,15616.00000,15466.00000,15548.00000,2617
2014.08.27,00:00,15542.00000,15584.00000,15449.00000,15469.00000,2451
2014.08.28,00:00,15472.00000,15484.00000,15339.00000,15404.00000,3475
2014.08.29,00:00,15414.00000,15464.00000,15349.00000,15434.00000,3566
2014.08.31,00:00,15440.00000,15440.00000,15440.00000,15440.00000,1
2014.09.01,00:00,15404.00000,15480.00000,15404.00000,15477.00000,1671
2014.09.02,00:00,15479.00000,15846.00000,15470.00000,15771.00000,4480
2014.09.03,00:00,15767.00000,15831.00000,15691.00000,15711.00000,4727
2014.09.04,00:00,15711.00000,15773.00000,15612.00000,15761.00000,5257
2014.09.05,00:00,15756.00000,15813.00000,15556.00000,15646.00000,5910
2014.09.08,00:00,15703.00000,15805.00000,15656.00000,15805.00000,3291
2014.09.09,00:00,15800.00000,15820.00000,15635.00000,15650.00000,4769
2014.09.10,00:00,15652.00000,15931.00000,15616.00000,15921.00000,5320
2014.09.11,00:00,15921.00000,15935.00000,15812.00000,15925.00000,2875
2014.09.12,00:00,15925.00000,15990.00000,15870.00000,15892.00000,5091
2014.09.15,00:00,15892.00000,15917.00000,15802.00000,15912.00000,2435
2014.09.16,00:00,15912.00000,16001.00000,15837.00000,15996.00000,4639
2014.09.17,00:00,15985.00000,16080.00000,15865.00000,16040.00000,5074
2014.09.18,00:00,16035.00000,16238.00000,16005.00000,16219.00000,5360
2014.09.19,00:00,16219.00000,16374.00000,16184.00000,16279.00000,6889
2014.09.22,00:00,16271.00000,16311.00000,16160.00000,16182.00000,5029
2014.09.23,00:00,16177.00000,16227.00000,16067.00000,16109.00000,3087
2014.09.24,00:00,16104.00000,16369.00000,16068.00000,16334.00000,5433
2014.09.25,00:00,16329.00000,16449.00000,16182.00000,16190.00000,7054
2014.09.26,00:00,16096.00000,16376.00000,16083.00000,16361.00000,6155
2014.09.29,00:00,16331.00000,16381.00000,16151.00000,16238.00000,7049
2014.09.30,00:00,16250.00000,16265.00000,16062.00000,16182.00000,7158
2014.10.01,00:00,16185.00000,16235.00000,15827.00000,15862.00000,8400
2014.10.02,00:00,15864.00000,15932.00000,15367.00000,15567.00000,12527
2014.10.03,00:00,15567.00000,15942.00000,15557.00000,15927.00000,6818
2014.10.06,00:00,15909.00000,15972.00000,15749.00000,15776.00000,9134
2014.10.07,00:00,15772.00000,15921.00000,15487.00000,15487.00000,10332
2014.10.08,00:00,15487.00000,15727.00000,15454.00000,15697.00000,10241
2014.10.09,00:00,15692.00000,15737.00000,15212.00000,15242.00000,12657
2014.10.10,00:00,15242.00000,15397.00000,15172.00000,15207.00000,11843
2014.10.13,00:00,15019.00000,15156.00000,14810.00000,14812.00000,7670
2014.10.14,00:00,14810.00000,15112.00000,14797.00000,14942.00000,15181
2014.10.15,00:00,14947.00000,15097.00000,14475.00000,14687.00000,21872
2014.10.16,00:00,14682.00000,14812.00000,14364.00000,14669.00000,25160
2014.10.17,00:00,14677.00000,14833.00000,14509.00000,14717.00000,15681
2014.10.20,00:00,14872.00000,15156.00000,14852.00000,15116.00000,16002
2014.10.21,00:00,15113.00000,15176.00000,14752.00000,15077.00000,13750
2014.10.22,00:00,15077.00000,15267.00000,14994.00000,15118.00000,11882
2014.10.23,00:00,15113.00000,15454.00000,15059.00000,15353.00000,13047
2014.10.24,00:00,15355.00000,15425.00000,15230.00000,15394.00000,9485
2014.10.27,00:00,15425.00000,15443.00000,15253.00000,15336.00000,10182
2014.10.28,00:00,15333.00000,15437.00000,15254.00000,15420.00000,8488
2014.10.29,00:00,15425.00000,15685.00000,15389.00000,15644.00000,10394
2014.10.30,00:00,15646.00000,15906.00000,15572.00000,15780.00000,12141
2014.10.31,00:00,15778.00000,16988.00000,15778.00000,16978.00000,19935
2014.11.03,00:00,17008.00000,17407.00000,16933.00000,17350.00000,10136
2014.11.04,00:00,17339.00000,17350.00000,16654.00000,16923.00000,22539
2014.11.05,00:00,16905.00000,17120.00000,16775.00000,17053.00000,17812
2014.11.06,00:00,17054.00000,17098.00000,16728.00000,16952.00000,22115
2014.11.07,00:00,16957.00000,16962.00000,16678.00000,16718.00000,17151
2014.11.10,00:00,16778.00000,16956.00000,16698.00000,16928.00000,11353
2014.11.11,00:00,16922.00000,17353.00000,16860.00000,17338.00000,13592
2014.11.12,00:00,17353.00000,17463.00000,17045.00000,17224.00000,25209
2014.11.13,00:00,17214.00000,17501.00000,17109.00000,17404.00000,22123
2014.11.14,00:00,17406.00000,17525.00000,17304.00000,17420.00000,24274
2014.11.17,00:00,17487.00000,17567.00000,16882.00000,17195.00000,29085
2014.11.18,00:00,17191.00000,17450.00000,17165.00000,17427.00000,21891
2014.11.19,00:00,17421.00000,17486.00000,17291.00000,17441.00000,17412
2014.11.20,00:00,17425.00000,17466.00000,17126.00000,17266.00000,19936
2014.11.21,00:00,17265.00000,17546.00000,17097.00000,17422.00000,23037
2014.11.24,00:00,17393.00000,17583.00000,17306.00000,17488.00000,4775
2014.11.25,00:00,17479.00000,17538.00000,17327.00000,17399.00000,15365
2014.11.26,00:00,17386.00000,17444.00000,17309.00000,17344.00000,11601
2014.11.27,00:00,17341.00000,17359.00000,17179.00000,17294.00000,7380
2014.11.28,00:00,17288.00000,17509.00000,17274.00000,17464.00000,11382
2014.12.01,00:00,17435.00000,17659.00000,17381.00000,17529.00000,21637
2014.12.02,00:00,17530.00000,17823.00000,17449.00000,17779.00000,14152
2014.12.03,00:00,17779.00000,17913.00000,17694.00000,17898.00000,9556
2014.12.04,00:00,17887.00000,17918.00000,17730.00000,17857.00000,11432
2014.12.05,00:00,17855.00000,18106.00000,17765.00000,18051.00000,11852
2014.12.08,00:00,18075.00000,18086.00000,17696.00000,17746.00000,12311
2014.12.09,00:00,17742.00000,17903.00000,17316.00000,17623.00000,19646
2014.12.10,00:00,17612.00000,17641.00000,17056.00000,17166.00000,22588
2014.12.11,00:00,17152.00000,17541.00000,17036.00000,17241.00000,23932
2014.12.12,00:00,17230.00000,17536.00000,17146.00000,17348.00000,25749
2014.12.15,00:00,17152.00000,17263.00000,16623.00000,16716.00000,28832
2014.12.16,00:00,16721.00000,16901.00000,16451.00000,16561.00000,38377
2014.12.17,00:00,16565.00000,17256.00000,16556.00000,17206.00000,26278
2014.12.18,00:00,17205.00000,17591.00000,17171.00000,17557.00000,19862
2014.12.19,00:00,17542.00000,17771.00000,17476.00000,17766.00000,16148
2014.12.22,00:00,17705.00000,17786.00000,17571.00000,17781.00000,9245
2014.12.23,00:00,17782.00000,17932.00000,17720.00000,17872.00000,4264
2014.12.24,00:00,17876.00000,17896.00000,17776.00000,17836.00000,3915
2014.12.29,00:00,17940.00000,17951.00000,17516.00000,17738.00000,10317
2014.12.30,00:00,17728.00000,17748.00000,17192.00000,17328.00000,12157
2014.12.31,00:00,17313.00000,17408.00000,17248.00000,17296.00000,5003
2015.01.02,00:00,17325.00000,17581.00000,17272.00000,17416.00000,7867
2015.01.05,00:00,17390.00000,17551.00000,17029.00000,17091.00000,17769
2015.01.06,00:00,17085.00000,17098.00000,16551.00000,16691.00000,23631
2015.01.07,00:00,16694.00000,17168.00000,16677.00000,16998.00000,21383
2015.01.08,00:00,16978.00000,17418.00000,16978.00000,17360.00000,13887
2015.01.09,00:00,17363.00000,17400.00000,16915.00000,16943.00000,19942
2015.01.12,00:00,16897.00000,17078.00000,16743.00000,16888.00000,12890
2015.01.13,00:00,16883.00000,17228.00000,16783.00000,16938.00000,21626
2015.01.14,00:00,16929.00000,17033.00000,16528.00000,16783.00000,28508
2015.01.15,00:00,16779.00000,17194.00000,16734.00000,16764.00000,39395
2015.01.16,00:00,16754.00000,17053.00000,16541.00000,17003.00000,31284
2015.01.19,00:00,17067.00000,17128.00000,16908.00000,17058.00000,14441
2015.01.20,00:00,17064.00000,17482.00000,17013.00000,17389.00000,19661
2015.01.21,00:00,17393.00000,17401.00000,17081.00000,17336.00000,25739
2015.01.22,00:00,17326.00000,17591.00000,17148.00000,17541.00000,22834
2015.01.23,00:00,17542.00000,17591.00000,17341.00000,17431.00000,18999
2015.01.26,00:00,17360.00000,17706.00000,17281.00000,17683.00000,15188
2015.01.27,00:00,17671.00000,17768.00000,17486.00000,17667.00000,20320
2015.01.28,00:00,17644.00000,17875.00000,17517.00000,17570.00000,21370
2015.01.29,00:00,17566.00000,17850.00000,17551.00000,17835.00000,22901
2015.01.30,00:00,17845.00000,17855.00000,17525.00000,17627.00000,18164
2015.02.02,00:00,17469.00000,17685.00000,17424.00000,17685.00000,22178
2015.02.03,00:00,17670.00000,17682.00000,17270.00000,17565.00000,18717
2015.02.04,00:00,17571.00000,17745.00000,17520.00000,17525.00000,17892
2015.02.05,00:00,17515.00000,17745.00000,17457.00000,17715.00000,16261
2015.02.06,00:00,17704.00000,17920.00000,17605.00000,17865.00000,12705
2015.02.09,00:00,17746.00000,17820.00000,17530.00000,17595.00000,14143
2015.02.10,00:00,17584.00000,17870.00000,17545.00000,17832.00000,12409
2015.02.11,00:00,17825.00000,18081.00000,17786.00000,18035.00000,5568
2015.02.12,00:00,18022.00000,18036.00000,17701.00000,17926.00000,18806
2015.02.13,00:00,17912.00000,18101.00000,17846.00000,18056.00000,11972
2015.02.16,00:00,18062.00000,18076.00000,17961.00000,17966.00000,6227
2015.02.17,00:00,17943.00000,18182.00000,17897.00000,18132.00000,10466
2015.02.18,00:00,18124.00000,18341.00000,18082.00000,18246.00000,9859
2015.02.19,00:00,18242.00000,18391.00000,18216.00000,18351.00000,8795
2015.02.20,00:00,18357.00000,18475.00000,18265.00000,18462.00000,10405
2015.02.23,00:00,18496.00000,18519.00000,18400.00000,18490.00000,7335
2015.02.24,00:00,18474.00000,18701.00000,18430.00000,18665.00000,9572
2015.02.25,00:00,18648.00000,18680.00000,18549.00000,18614.00000,8896
2015.02.26,00:00,18609.00000,18914.00000,18590.00000,18864.00000,8614
2015.02.27,00:00,18854.00000,18864.00000,18711.00000,18839.00000,8299
2015.03.02,00:00,18820.00000,18979.00000,18773.00000,18929.00000,8685
2015.03.03,00:00,18924.00000,18929.00000,18655.00000,18735.00000,8240
2015.03.04,00:00,18740.00000,18741.00000,18564.00000,18689.00000,7977
2015.03.05,00:00,18685.00000,18914.00000,18649.00000,18854.00000,6493
2015.03.06,00:00,18845.00000,19084.00000,18814.00000,18889.00000,9670
2015.03.09,00:00,18860.00000,18894.00000,18694.00000,18854.00000,8435
2015.03.10,00:00,18848.00000,18914.00000,18498.00000,18543.00000,11250
2015.03.11,00:00,18543.00000,18838.00000,18518.00000,18783.00000,9077
2015.03.12,00:00,18788.00000,19233.00000,18754.00000,19208.00000,8949
2015.03.13,00:00,19208.00000,19355.00000,19118.00000,19241.00000,10728
2015.03.16,00:00,19300.00000,19476.00000,19226.00000,19396.00000,6658
2015.03.17,00:00,19395.00000,19556.00000,19362.00000,19468.00000,7336
2015.03.18,00:00,19463.00000,19611.00000,19393.00000,19486.00000,8898
2015.03.19,00:00,19481.00000,19551.00000,19303.00000,19471.00000,9443
2015.03.20,00:00,19470.00000,19685.00000,19406.00000,19645.00000,5690
2015.03.23,00:00,19671.00000,19785.00000,19605.00000,19705.00000,5879
2015.03.24,00:00,19705.00000,19810.00000,19640.00000,19695.00000,6803
2015.03.25,00:00,19686.00000,19771.00000,19517.00000,19532.00000,8677
2015.03.26,00:00,19528.00000,19620.00000,19112.00000,19389.00000,12673
2015.03.27,00:00,19274.00000,19588.00000,19072.00000,19313.00000,11370
2015.03.30,00:00,19329.00000,19613.00000,19213.00000,19568.00000,7733
2015.03.31,00:00,19569.00000,19618.00000,19168.00000,19205.00000,11253
2015.04.01,00:00,19215.00000,19260.00000,18915.00000,19202.00000,16340
2015.04.02,00:00,19193.00000,19432.00000,19107.00000,19322.00000,9475
2015.04.06,00:00,19323.00000,19597.00000,19237.00000,19564.00000,5171
2015.04.07,00:00,19546.00000,19847.00000,19492.00000,19762.00000,7815
2015.04.08,00:00,19757.00000,19899.00000,19697.00000,19857.00000,10896
2015.04.09,00:00,19858.00000,20077.00000,19827.00000,20039.00000,7554
2015.04.10,00:00,20038.00000,20044.00000,19842.00000,19997.00000,7896
2015.04.13,00:00,20013.00000,20017.00000,19822.00000,19852.00000,6417
2015.04.14,00:00,19847.00000,19958.00000,19782.00000,19911.00000,5978
2015.04.15,00:00,19906.00000,19926.00000,19831.00000,19868.00000,5507
2015.04.16,00:00,19852.00000,19901.00000,19757.00000,19800.00000,7195
2015.04.17,00:00,19799.00000,19830.00000,19476.00000,19501.00000,9685
2015.04.20,00:00,19527.00000,19731.00000,19491.00000,19681.00000,7147
2015.04.21,00:00,19682.00000,20071.00000,19666.00000,20001.00000,7252
2015.04.22,00:00,19986.00000,20251.00000,19976.00000,20238.00000,9389
2015.04.23,00:00,20226.00000,20266.00000,20101.00000,20153.00000,8103
2015.04.24,00:00,20142.00000,20160.00000,20021.00000,20036.00000,6440
2015.04.27,00:00,20054.00000,20152.00000,19901.00000,20040.00000,7994
2015.04.28,00:00,20035.00000,20145.00000,19920.00000,19982.00000,7135
2015.04.29,00:00,19970.00000,19990.00000,19635.00000,19790.00000,6286
2015.04.30,00:00,19791.00000,19840.00000,19322.00000,19398.00000,13491
2015.05.01,00:00,19403.00000,19693.00000,19402.00000,19693.00000,5192
2015.05.04,00:00,19700.00000,19791.00000,19586.00000,19731.00000,3651
2015.05.05,00:00,19732.00000,19781.00000,19311.00000,19356.00000,6325
2015.05.06,00:00,19357.00000,19439.00000,19161.00000,19323.00000,4668
2015.05.07,00:00,19292.00000,19454.00000,19031.00000,19350.00000,10441
2015.05.08,00:00,19345.00000,19681.00000,19290.00000,19676.00000,7708
2015.05.11,00:00,19646.00000,19676.00000,19565.00000,19575.00000,5292
2015.05.12,00:00,19560.00000,19660.00000,19445.00000,19511.00000,8550
2015.05.13,00:00,19511.00000,19845.00000,19491.00000,19631.00000,7085
2015.05.14,00:00,19632.00000,19722.00000,19467.00000,19657.00000,6048
2015.05.15,00:00,19653.00000,19862.00000,19602.00000,19742.00000,6164
2015.05.18,00:00,19771.00000,20017.00000,19734.00000,20002.00000,5388
2015.05.19,00:00,19996.00000,20190.00000,19942.00000,20148.00000,5585
2015.05.20,00:00,20144.00000,20292.00000,20113.00000,20284.00000,6443
2015.05.21,00:00,20288.00000,20322.00000,20139.00000,20237.00000,5422
2015.05.22,00:00,20228.00000,20382.00000,20127.00000,20362.00000,5281
2015.05.25,00:00,20346.00000,20472.00000,20317.00000,20416.00000,1878
2015.05.26,00:00,20410.00000,20561.00000,20321.00000,20436.00000,7586
2015.05.27,00:00,20425.00000,20657.00000,20361.00000,20626.00000,6644
2015.05.28,00:00,20628.00000,20656.00000,20447.00000,20577.00000,8772
2015.05.29,00:00,20568.00000,20639.00000,20372.00000,20422.00000,9390
2015.06.01,00:00,20438.00000,20638.00000,20407.00000,20593.00000,8020
2015.06.02,00:00,20579.00000,20623.00000,20401.00000,20411.00000,10781
2015.06.03,00:00,20407.00000,20603.00000,20396.00000,20580.00000,9567
2015.06.04,00:00,20581.00000,20585.00000,20360.00000,20438.00000,10213
2015.06.05,00:00,20429.00000,20622.00000,20363.00000,20590.00000,10000
2015.06.08,00:00,20580.00000,20586.00000,20279.00000,20279.00000,6608
2015.06.09,00:00,20283.00000,20336.00000,19923.00000,20090.00000,9556
2015.06.10,00:00,20089.00000,20266.00000,20014.00000,20107.00000,11149
2015.06.11,00:00,20082.00000,20550.00000,20072.00000,20425.00000,7666
2015.06.12,00:00,20420.00000,20462.00000,20262.00000,20298.00000,8427
2015.06.15,00:00,20332.00000,20408.00000,20213.00000,20347.00000,7248
2015.06.16,00:00,20342.00000,20377.00000,20132.00000,20299.00000,5953
2015.06.17,00:00,20294.00000,20324.00000,20134.00000,20181.00000,8453
2015.06.18,00:00,20179.00000,20231.00000,19881.00000,20127.00000,10758
2015.06.19,00:00,20128.00000,20238.00000,20078.00000,20148.00000,6443
2015.06.22,00:00,20117.00000,20608.00000,20117.00000,20537.00000,4918
2015.06.23,00:00,20538.00000,20912.00000,20510.00000,20892.00000,5867
2015.06.24,00:00,20897.00000,20972.00000,20717.00000,20758.00000,8361
2015.06.25,00:00,20758.00000,20878.00000,20733.00000,20745.00000,6737
2015.06.26,00:00,20720.00000,20890.00000,20660.00000,20860.00000,5967
2015.06.29,00:00,20536.00000,20584.00000,20049.00000,20064.00000,17206
2015.06.30,00:00,20049.00000,20380.00000,20049.00000,20225.00000,14540
2015.07.01,00:00,20250.00000,20620.00000,20245.00000,20555.00000,8996
2015.07.02,00:00,20545.00000,20600.00000,20455.00000,20505.00000,6818
2015.07.03,00:00,20495.00000,20570.00000,20435.00000,20461.00000,4883
2015.07.06,00:00,20156.00000,20376.00000,20012.00000,20291.00000,14555
2015.07.07,00:00,20286.00000,20461.00000,20091.00000,20429.00000,15937
2015.07.08,00:00,20417.00000,20432.00000,19216.00000,19301.00000,31280
2015.07.09,00:00,19302.00000,19903.00000,19104.00000,19660.00000,30793
2015.07.10,00:00,19648.00000,20093.00000,19647.00000,20049.00000,32038
2015.07.13,00:00,19943.00000,20399.00000,19916.00000,20379.00000,13831
2015.07.14,00:00,20375.00000,20528.00000,20324.00000,20512.00000,14204
2015.07.15,00:00,20502.00000,20620.00000,20396.00000,20540.00000,12382
2015.07.16,00:00,20541.00000,20701.00000,20520.00000,20673.00000,11392
2015.07.17,00:00,20672.00000,20727.00000,20607.00000,20702.00000,10015
2015.07.20,00:00,20701.00000,20816.00000,20679.00000,20777.00000,1898
2015.07.21,00:00,20775.00000,20850.00000,20607.00000,20636.00000,11638
2015.07.22,00:00,20626.00000,20682.00000,20532.00000,20647.00000,14030
2015.07.23,00:00,20648.00000,20702.00000,20517.00000,20597.00000,14186
2015.07.24,00:00,20582.00000,20637.00000,20362.00000,20372.00000,11280
2015.07.27,00:00,20383.00000,20492.00000,20052.00000,20162.00000,15872
2015.07.28,00:00,20152.00000,20425.00000,20067.00000,20342.00000,14776
2015.07.29,00:00,20331.00000,20528.00000,20201.00000,20455.00000,13112
2015.07.30,00:00,20442.00000,20588.00000,20436.00000,20547.00000,11720
2015.07.31,00:00,20542.00000,20602.00000,20462.00000,20547.00000,11407
2015.08.03,00:00,20583.00000,20593.00000,20388.00000,20502.00000,9948
2015.08.04,00:00,20487.00000,20567.00000,20417.00000,20532.00000,11144
2015.08.05,00:00,20522.00000,20826.00000,20472.00000,20756.00000,12025
2015.08.06,00:00,20752.00000,20806.00000,20576.00000,20646.00000,10729
2015.08.07,00:00,20630.00000,20746.00000,20566.00000,20591.00000,12823
2015.08.10,00:00,20620.00000,20911.00000,20601.00000,20901.00000,10139
2015.08.11,00:00,20903.00000,20937.00000,20547.00000,20647.00000,19708
2015.08.12,00:00,20637.00000,20697.00000,20051.00000,20376.00000,26459
2015.08.13,00:00,20366.00000,20666.00000,20291.00000,20587.00000,20748
2015.08.14,00:00,20577.00000,20602.00000,20472.00000,20562.00000,12892
2015.08.17,00:00,20591.00000,20682.00000,20532.00000,20657.00000,12657
2015.08.18,00:00,20658.00000,20677.00000,20443.00000,20473.00000,12023
2015.08.19,00:00,20469.00000,20523.00000,20072.00000,20082.00000,23121
2015.08.20,00:00,20073.00000,20247.00000,19587.00000,19607.00000,30417
2015.08.21,00:00,19607.00000,19704.00000,19012.00000,19092.00000,43833
2015.08.24,00:00,19018.00000,19097.00000,17160.00000,17817.00000,98440
2015.08.25,00:00,17826.00000,18852.00000,17652.00000,17730.00000,174482
2015.08.26,00:00,17733.00000,18785.00000,17637.00000,18695.00000,141465
2015.08.27,00:00,18697.00000,19062.00000,18474.00000,19007.00000,63384
2015.08.28,00:00,18997.00000,19197.00000,18933.00000,19142.00000,48203
2015.08.31,00:00,19146.00000,19152.00000,18737.00000,18792.00000,31467
2015.09.01,00:00,18793.00000,18817.00000,17733.00000,17768.00000,61495
2015.09.02,00:00,17778.00000,18473.00000,17743.00000,18303.00000,58060
2015.09.03,00:00,18289.00000,18483.00000,18167.00000,18212.00000,33561
2015.09.04,00:00,18212.00000,18302.00000,17502.00000,17528.00000,52461
2015.09.07,00:00,17643.00000,18013.00000,17469.00000,17839.00000,33039
2015.09.08,00:00,17856.00000,18062.00000,17377.00000,18002.00000,29681
2015.09.09,00:00,17997.00000,18748.00000,17977.00000,18194.00000,37249
2015.09.10,00:00,18178.00000,18384.00000,17933.00000,18217.00000,54009
2015.09.11,00:00,18227.00000,18337.00000,18005.00000,18096.00000,31678
2015.09.14,00:00,18186.00000,18377.00000,17858.00000,17960.00000,32120
2015.09.15,00:00,17960.00000,18318.00000,17812.00000,18238.00000,36892
2015.09.16,00:00,18234.00000,18483.00000,18083.00000,18467.00000,26408
2015.09.17,00:00,18447.00000,18657.00000,18242.00000,18282.00000,25882
2015.09.18,00:00,18296.00000,18353.00000,17763.00000,17859.00000,38184
2015.09.21,00:00,17885.00000,18116.00000,17759.00000,18059.00000,11358
2015.09.22,00:00,18052.00000,18106.00000,17513.00000,17656.00000,25075
2015.09.23,00:00,17657.00000,17837.00000,17442.00000,17713.00000,21387
2015.09.24,00:00,17707.00000,17811.00000,17171.00000,17507.00000,39236
2015.09.25,00:00,17522.00000,18126.00000,17466.00000,18046.00000,41856
2015.09.28,00:00,17761.00000,17848.00000,17288.00000,17363.00000,42028
2015.09.29,00:00,17362.00000,17398.00000,16893.00000,17195.00000,45463
2015.09.30,00:00,17194.00000,17538.00000,17170.00000,17475.00000,39990
2015.10.01,00:00,17477.00000,17851.00000,17385.00000,17623.00000,49806
2015.10.02,00:00,17624.00000,17804.00000,17244.00000,17693.00000,47198
2015.10.05,00:00,17864.00000,18427.00000,17852.00000,18347.00000,32216
2015.10.06,00:00,18323.00000,18367.00000,18047.00000,18164.00000,31455
2015.10.07,00:00,18158.00000,18457.00000,17982.00000,18347.00000,42885
2015.10.08,00:00,18346.00000,18402.00000,18017.00000,18280.00000,21845
2015.10.09,00:00,18268.00000,18455.00000,18177.00000,18327.00000,29392
2015.10.12,00:00,18318.00000,18432.00000,18207.00000,18347.00000,6988
2015.10.13,00:00,18341.00000,18362.00000,18066.00000,18092.00000,22629
2015.10.14,00:00,18086.00000,18122.00000,17657.00000,17729.00000,15901
2015.10.15,00:00,17708.00000,18247.00000,17701.00000,18202.00000,31575
2015.10.16,00:00,18195.00000,18397.00000,18187.00000,18263.00000,21517
2015.10.19,00:00,18355.00000,18358.00000,18078.00000,18273.00000,21564
2015.10.20,00:00,18266.00000,18273.00000,18145.00000,18188.00000,20537
2015.10.21,00:00,18191.00000,18610.00000,18160.00000,18461.00000,25031
2015.10.22,00:00,18446.00000,18882.00000,18371.00000,18875.00000,25973
2015.10.23,00:00,18868.00000,19148.00000,18753.00000,19133.00000,26884
2015.10.26,00:00,19106.00000,19123.00000,18878.00000,18982.00000,20686
2015.10.27,00:00,18978.00000,19007.00000,18757.00000,18840.00000,21953
2015.10.28,00:00,18850.00000,19172.00000,18813.00000,19147.00000,23892
2015.10.29,00:00,19143.00000,19157.00000,18810.00000,18971.00000,26793
2015.10.30,00:00,18964.00000,19206.00000,18706.00000,18906.00000,33476
2015.11.02,00:00,18819.00000,19016.00000,18636.00000,18971.00000,21488
2015.11.03,00:00,18967.00000,19111.00000,18921.00000,19021.00000,6569
2015.11.04,00:00,19019.00000,19179.00000,18872.00000,19031.00000,27556
2015.11.05,00:00,19032.00000,19341.00000,18996.00000,19231.00000,16917
2015.11.06,00:00,19229.00000,19491.00000,19166.00000,19476.00000,17438
2015.11.09,00:00,19444.00000,19692.00000,19341.00000,19416.00000,28189
2015.11.10,00:00,19432.00000,19766.00000,19403.00000,19672.00000,25814
2015.11.11,00:00,19667.00000,19788.00000,19596.00000,19664.00000,22791
2015.11.12,00:00,19667.00000,19729.00000,19437.00000,19467.00000,27302
2015.11.13,00:00,19468.00000,19637.00000,19387.00000,19512.00000,27819
2015.11.16,00:00,19378.00000,19712.00000,19237.00000,19677.00000,19272
2015.11.17,00:00,19670.00000,19893.00000,19632.00000,19803.00000,19517
2015.11.18,00:00,19801.00000,19963.00000,19653.00000,19928.00000,22409
2015.11.19,00:00,19929.00000,19969.00000,19765.00000,19833.00000,22126
2015.11.20,00:00,19829.00000,19948.00000,19718.00000,19928.00000,16759
2015.11.23,00:00,19921.00000,20033.00000,19807.00000,19857.00000,9690
2015.11.24,00:00,19853.00000,19982.00000,19767.00000,19895.00000,20689
2015.11.25,00:00,19895.00000,19937.00000,19793.00000,19922.00000,14657
2015.11.26,00:00,19924.00000,20006.50000,19921.50000,19982.50000,7576
2015.11.27,00:00,19988.50000,19996.50000,19786.50000,19856.50000,13550
2015.11.30,00:00,19868.50000,19881.50000,19707.50000,19778.50000,14934
2015.12.01,00:00,19813.50000,20026.50000,19803.50000,19981.50000,15310
2015.12.02,00:00,19953.50000,19996.50000,19781.50000,19856.50000,14234
2015.12.03,00:00,19867.50000,19966.50000,19418.50000,19526.50000,32887
2015.12.04,00:00,19571.50000,19711.50000,19383.50000,19681.50000,25184
2015.12.07,00:00,19719.50000,19822.50000,19617.50000,19737.50000,12361
2015.12.08,00:00,19709.50000,19769.50000,19232.50000,19379.50000,16003
2015.12.09,00:00,19374.50000,19464.50000,18862.50000,18944.50000,21354
2015.12.10,00:00,18955.50000,19152.50000,18955.50000,19057.50000,25687
2015.12.11,00:00,19014.50000,19274.50000,18602.50000,18702.50000,33158
2015.12.14,00:00,18708.50000,18980.50000,18535.50000,18785.50000,39467
2015.12.15,00:00,18796.50000,18965.50000,18530.50000,18875.50000,27749
2015.12.16,00:00,18880.50000,19401.50000,18870.50000,19346.50000,29311
2015.12.17,00:00,19429.50000,19536.50000,19246.50000,19253.50000,27346
2015.12.18,00:00,19264.50000,19899.50000,18761.50000,18778.50000,53228
2015.12.21,00:00,18789.50000,18975.50000,18640.50000,18870.50000,9650
2015.12.22,00:00,18881.50000,18944.50000,18697.50000,18927.50000,11450
2015.12.23,00:00,18912.50000,19119.50000,18854.50000,19094.50000,12459
2015.12.24,00:00,19082.50000,19084.50000,18729.50000,18819.50000,9492
2015.12.28,00:00,18831.50000,18939.50000,18759.50000,18864.50000,12972
2015.12.29,00:00,18841.50000,19144.50000,18769.50000,19101.50000,9955
2015.12.30,00:00,19071.50000,19099.50000,18881.50000,18906.50000,10529
2015.12.31,00:00,18879.50000,18919.50000,18715.50000,18830.50000,7328
2016.01.04,00:00,18797.50000,18946.50000,18085.50000,18272.50000,36591
2016.01.05,00:00,18387.50000,18543.50000,18138.50000,18397.50000,32884
2016.01.06,00:00,18400.50000,18460.50000,17890.50000,18032.50000,40350
2016.01.07,00:00,18133.50000,18170.50000,17475.50000,17573.50000,53660
2016.01.08,00:00,17563.50000,17976.50000,17236.50000,17278.50000,55244
2016.01.11,00:00,17193.50000,17557.50000,17133.50000,17387.50000,36419
2016.01.12,00:00,17398.50000,17547.50000,17097.50000,17397.50000,49968
2016.01.13,00:00,17408.50000,17742.50000,17167.50000,17217.50000,36487
2016.01.14,00:00,17207.50000,17582.50000,16927.50000,17497.50000,58144
2016.01.15,00:00,17517.50000,17604.50000,16567.50000,16792.50000,66637
2016.01.18,00:00,16774.50000,17027.50000,16642.50000,16847.50000,38111
2016.01.19,00:00,16858.50000,17282.50000,16757.50000,17026.50000,48153
2016.01.20,00:00,16996.50000,16996.50000,15937.50000,16347.50000,76502
2016.01.21,00:00,16358.50000,16787.50000,15797.50000,16459.50000,86585
2016.01.22,00:00,16594.50000,17274.50000,16457.50000,17229.50000,55232
2016.01.25,00:00,17154.50000,17207.00000,16797.00000,16837.00000,48490
2016.01.26,00:00,16812.00000,17102.00000,16542.00000,17062.00000,43804
2016.01.27,00:00,17044.50000,17402.00000,16962.00000,17067.00000,50724
2016.01.28,00:00,17004.50000,17276.00000,16932.00000,17081.00000,57306
2016.01.29,00:00,17092.00000,17877.50000,16744.50000,17862.50000,69464
2016.02.01,00:00,17847.50000,17897.00000,17602.00000,17744.50000,43698
2016.02.02,00:00,17679.50000,17867.00000,17359.50000,17467.00000,41201
2016.02.03,00:00,17402.00000,17442.00000,16617.00000,17009.50000,67996
2016.02.04,00:00,17027.00000,17202.00000,16697.00000,16812.00000,71351
2016.02.05,00:00,16774.50000,16884.50000,16477.00000,16557.00000,61471
2016.02.08,00:00,16577.00000,17087.00000,16207.00000,16454.50000,69770
2016.02.09,00:00,16364.50000,16394.50000,15832.00000,16124.50000,91886
2016.02.10,00:00,16162.00000,16174.50000,15419.50000,15557.00000,90494
2016.02.11,00:00,15537.00000,15617.00000,15022.00000,15219.50000,71496
2016.02.12,00:00,15182.00000,15497.00000,14769.50000,15432.00000,93621
2016.02.15,00:00,15567.00000,16152.00000,15492.00000,15912.00000,45514
2016.02.16,00:00,15872.00000,16334.50000,15734.50000,15932.00000,65479
2016.02.17,00:00,16074.50000,16207.00000,15612.00000,16052.00000,56895
2016.02.18,00:00,16294.50000,16334.50000,15917.00000,15959.50000,52287
2016.02.19,00:00,15999.50000,16032.00000,15737.00000,15822.00000,53718
2016.02.22,00:00,15812.00000,16277.00000,15794.50000,16149.50000,35422
2016.02.23,00:00,16202.00000,16327.00000,15825.50000,15825.50000,51974
2016.02.24,00:00,15828.00000,16073.00000,15522.50000,15937.50000,53760
2016.02.25,00:00,15970.00000,16245.00000,15920.00000,16225.00000,51624
2016.02.26,00:00,16317.50000,16525.00000,16185.00000,16302.50000,47319
2016.02.29,00:00,16345.00000,16450.00000,15890.00000,15985.00000,49024
2016.03.01,00:00,16007.50000,16588.00000,15847.50000,16513.00000,36527
2016.03.02,00:00,16530.50000,16823.00000,16468.00000,16695.50000,41590
2016.03.03,00:00,16693.00000,16983.00000,16685.50000,16838.00000,34907
2016.03.04,00:00,16910.50000,17168.00000,16848.00000,17023.00000,44008
2016.03.07,00:00,17015.50000,17033.00000,16757.00000,16869.50000,30279
2016.03.08,00:00,16872.00000,16905.00000,16565.00000,16672.00000,43547
2016.03.09,00:00,16639.50000,16821.00000,16489.50000,16788.50000,33742
2016.03.10,00:00,16796.00000,17168.50000,16461.00000,16663.50000,36520
2016.03.11,00:00,16536.00000,17201.00000,16531.00000,17173.50000,40604
2016.03.14,00:00,17178.50000,17306.00000,17141.00000,17246.00000,24596
2016.03.15,00:00,17243.50000,17288.50000,16871.00000,16956.00000,31027
2016.03.16,00:00,16988.50000,17096.00000,16875.00000,16950.00000,30473
2016.03.17,00:00,17080.00000,17235.00000,16555.00000,16815.00000,46561
2016.03.18,00:00,16867.50000,16902.50000,16560.00000,16758.50000,36865
2016.03.21,00:00,16723.50000,16886.00000,16626.00000,16871.00000,19266
2016.03.22,00:00,16951.00000,17097.00000,16776.00000,17019.50000,33026
2016.03.23,00:00,17049.50000,17127.00000,16870.00000,16912.50000,26591
2016.03.24,00:00,16937.50000,17035.00000,16710.00000,16892.50000,24559
2016.03.28,00:00,17115.00000,17160.00000,16950.00000,17070.00000,7465
2016.03.29,00:00,16944.50000,17123.00000,16924.00000,17014.00000,11992
2016.03.30,00:00,17054.00000,17059.00000,16849.00000,16970.50000,23081
2016.03.31,00:00,17008.50000,17026.00000,16708.00000,16763.00000,25865
2016.04.01,00:00,16700.50000,16713.00000,16082.00000,16147.00000,45753
2016.04.04,00:00,16144.50000,16222.00000,16009.50000,16087.00000,31581
2016.04.05,00:00,16069.50000,16072.00000,15532.00000,15607.00000,39125
2016.04.06,00:00,15609.50000,15811.00000,15551.00000,15741.00000,30944
2016.04.07,00:00,15758.50000,15856.00000,15322.00000,15437.00000,41413
2016.04.08,00:00,15442.00000,16022.00000,15407.00000,15769.50000,39982
2016.04.11,00:00,15804.50000,15892.00000,15512.00000,15697.00000,32735
2016.04.12,00:00,15664.50000,16127.00000,15657.00000,16054.50000,26623
2016.04.13,00:00,16067.00000,16657.00000,16059.50000,16597.00000,22277
2016.04.14,00:00,16614.50000,16912.00000,16607.00000,16792.00000,25505
2016.04.15,00:00,16784.50000,16925.00000,16592.50000,16605.00000,22255
2016.04.18,00:00,16425.00000,16678.00000,16243.00000,16638.00000,15118
2016.04.19,00:00,16675.50000,17145.00000,16673.00000,17022.50000,12352
2016.04.20,00:00,17017.50000,17320.00000,16850.00000,17240.00000,13801
2016.04.21,00:00,17242.50000,17411.00000,17171.00000,17228.00000,14062
2016.04.22,00:00,17153.00000,17769.00000,17140.50000,17744.00000,18649
2016.04.25,00:00,17681.50000,17699.00000,17324.00000,17444.00000,15183
2016.04.26,00:00,17446.50000,17509.00000,17194.00000,17484.00000,14299
2016.04.27,00:00,17439.00000,17504.00000,17226.50000,17494.00000,14769
2016.04.28,00:00,17431.50000,17574.00000,16116.50000,16269.00000,26772
2016.04.29,00:00,16304.00000,16347.50000,15836.00000,15868.50000,14716
2016.05.02,00:00,15938.50000,16178.50000,15906.00000,16122.50000,15511
2016.05.03,00:00,16125.00000,16130.00000,15820.00000,15927.00000,12245
2016.05.04,00:00,16019.50000,16082.00000,15814.00000,15886.50000,11459
2016.05.05,00:00,15904.00000,16121.50000,15894.00000,16041.50000,10217
2016.05.06,00:00,16031.50000,16259.00000,15834.00000,16064.00000,16571
2016.05.09,00:00,16139.00000,16416.50000,16111.50000,16271.50000,21321
2016.05.10,00:00,16204.00000,16794.00000,16189.00000,16774.00000,24630
2016.05.11,00:00,16789.00000,16809.00000,16409.00000,16419.00000,26867
2016.05.12,00:00,16421.50000,16783.50000,16354.00000,16626.00000,31372
2016.05.13,00:00,16626.00000,16808.00000,16301.00000,16384.50000,40252
2016.05.16,00:00,16307.00000,16671.00000,16297.00000,16606.00000,12188
2016.05.17,00:00,16608.50000,16781.00000,16501.00000,16548.00000,16305
2016.05.18,00:00,16570.50000,16790.50000,16503.00000,16715.00000,19456
2016.05.19,00:00,16747.50000,16840.00000,16474.00000,16589.00000,17165
2016.05.20,00:00,16611.50000,16806.00000,16539.00000,16716.00000,12745
2016.05.23,00:00,16718.50000,16721.00000,16408.50000,16508.50000,14266
2016.05.24,00:00,16526.00000,16796.00000,16461.00000,16761.00000,10400
2016.05.25,00:00,16776.00000,16986.00000,16721.00000,16921.00000,10670
2016.05.26,00:00,16928.50000,16961.00000,16726.00000,16868.50000,11589
2016.05.27,00:00,16873.50000,16923.50000,16756.00000,16911.00000,8376
2016.05.30,00:00,16993.50000,17091.00000,16896.00000,17056.00000,5849
2016.05.31,00:00,17001.00000,17246.00000,16976.00000,17069.00000,10785
2016.06.01,00:00,17079.00000,17144.00000,16736.00000,16846.00000,15654
2016.06.02,00:00,16833.50000,16856.00000,16436.00000,16598.50000,15894
2016.06.03,00:00,16611.00000,16701.00000,16251.00000,16321.00000,17217
2016.06.06,00:00,16366.00000,16676.00000,16296.00000,16651.00000,11484
2016.06.07,00:00,16648.50000,16833.50000,16521.00000,16701.00000,10378
2016.06.08,00:00,16689.50000,16843.50000,16566.00000,16806.00000,10472
2016.06.09,00:00,16783.50000,16791.00000,16491.00000,16621.00000,7976
2016.06.10,00:00,16619.50000,16677.00000,16216.00000,16326.00000,11174
2016.06.13,00:00,16268.50000,16301.00000,15909.00000,15939.00000,18598
2016.06.14,00:00,15899.00000,16064.00000,15669.00000,15809.00000,18042
2016.06.15,00:00,15746.50000,16010.00000,15725.00000,15900.00000,17348
2016.06.16,00:00,15860.00000,15927.50000,15260.00000,15602.50000,28963
2016.06.17,00:00,15607.50000,15765.00000,15443.00000,15573.00000,38584
2016.06.20,00:00,15805.50000,16082.00000,15765.50000,15842.00000,26769
2016.06.21,00:00,15899.50000,16278.00000,15752.00000,16140.50000,30747
2016.06.22,00:00,16128.00000,16168.00000,15963.00000,15970.50000,25843
2016.06.23,00:00,16115.50000,16542.00000,16033.00000,16527.00000,39591
2016.06.24,00:00,16449.50000,16479.50000,14822.00000,15159.50000,89130
2016.06.27,00:00,15137.00000,15397.00000,15009.50000,15152.00000,42902
2016.06.28,00:00,15177.00000,15567.00000,14964.50000,15559.50000,30012
2016.06.29,00:00,15542.00000,15749.00000,15364.50000,15744.00000,30719
2016.06.30,00:00,15771.50000,15794.00000,15459.00000,15748.00000,34575
2016.07.01,00:00,15705.50000,15743.00000,15533.00000,15563.00000,24660
2016.07.04,00:00,15575.50000,15800.50000,15495.50000,15693.00000,11861
2016.07.05,00:00,15675.50000,15678.00000,15364.50000,15447.00000,19205
2016.07.06,00:00,15434.50000,15434.50000,15102.00000,15377.00000,35087
2016.07.07,00:00,15344.50000,15407.00000,15217.00000,15289.50000,25178
2016.07.08,00:00,15274.50000,15389.00000,15087.00000,15344.00000,27499
2016.07.11,00:00,15436.50000,16148.00000,15436.50000,16080.50000,26867
2016.07.12,00:00,16078.00000,16578.00000,16013.00000,16535.50000,27204
2016.07.13,00:00,16498.00000,16518.00000,16198.00000,16348.00000,33480
2016.07.14,00:00,16278.00000,16633.00000,16213.00000,16548.00000,34371
2016.07.15,00:00,16505.50000,16613.00000,16398.00000,16493.00000,28251
2016.07.18,00:00,16560.50000,16655.50000,16488.00000,16615.50000,9069
2016.07.19,00:00,16625.50000,16723.00000,16498.00000,16613.00000,20604
2016.07.20,00:00,16618.00000,16871.50000,16533.00000,16864.00000,16777
2016.07.21,00:00,16844.00000,16929.00000,16464.00000,16564.00000,28141
2016.07.22,00:00,16591.50000,16694.00000,16544.00000,16604.00000,20916
2016.07.25,00:00,16661.50000,16759.00000,16528.00000,16570.50000,14829
2016.07.26,00:00,16568.00000,16575.50000,16243.00000,16399.00000,25644
2016.07.27,00:00,16451.50000,16836.50000,16451.50000,16594.00000,33302
2016.07.28,00:00,16616.50000,16619.00000,16379.00000,16581.50000,23440
2016.07.29,00:00,16514.00000,16741.50000,16024.00000,16321.50000,47295
2016.08.01,00:00,16439.00000,16656.50000,16309.00000,16444.00000,22424
2016.08.02,00:00,16456.50000,16519.00000,15987.00000,16099.50000,24363
2016.08.03,00:00,16109.50000,16257.00000,15947.00000,16068.00000,24912
2016.08.04,00:00,16085.50000,16250.50000,15893.00000,16223.00000,20381
2016.08.05,00:00,16218.00000,16479.00000,16179.00000,16411.50000,17235
2016.08.08,00:00,16464.00000,16719.00000,16464.00000,16629.00000,6313
2016.08.09,00:00,16626.50000,16754.00000,16599.00000,16675.50000,5859
2016.08.10,00:00,16658.00000,16813.00000,16633.00000,16688.00000,7270
2016.08.11,00:00,16668.00000,16914.00000,16598.00000,16866.50000,3841
2016.08.12,00:00,16881.50000,16934.00000,16773.00000,16810.50000,8316
2016.08.15,00:00,16820.50000,16928.00000,16815.50000,16873.00000,5342
2016.08.16,00:00,16860.50000,16883.00000,16513.00000,16563.00000,9128
2016.08.17,00:00,16588.00000,16750.50000,16547.00000,16664.50000,8354
2016.08.18,00:00,16644.50000,16727.00000,16469.50000,16542.00000,9119
2016.08.19,00:00,16572.00000,16602.00000,16407.00000,16477.00000,8383
2016.08.22,00:00,16537.00000,16626.00000,16486.00000,16543.50000,10009
2016.08.23,00:00,16541.00000,16646.00000,16441.00000,16546.00000,8584
2016.08.24,00:00,16561.00000,16636.00000,16506.00000,16546.00000,10764
2016.08.25,00:00,16561.00000,16651.00000,16476.00000,16501.00000,12925
2016.08.26,00:00,16513.50000,16588.00000,16331.00000,16585.50000,21428
2016.08.29,00:00,16590.50000,16773.00000,16573.00000,16703.00000,10738
2016.08.30,00:00,16708.00000,16873.00000,16678.00000,16845.50000,9504
2016.08.31,00:00,16830.50000,16913.00000,16798.00000,16908.00000,11515
2016.09.01,00:00,16870.50000,17063.00000,16840.50000,16948.00000,13944
2016.09.02,00:00,16935.50000,17158.00000,16843.00000,17123.00000,17839
2016.09.05,00:00,17125.50000,17153.00000,16998.00000,17018.00000,10303
2016.09.06,00:00,17030.50000,17098.50000,16896.00000,16941.00000,11397
2016.09.07,00:00,16933.50000,17016.00000,16881.00000,16963.50000,10900
2016.09.08,00:00,16957.00000,16997.00000,16822.00000,16989.50000,15168
2016.09.09,00:00,16987.00000,17022.00000,16762.00000,16764.50000,19061
2016.09.12,00:00,16719.50000,16784.50000,16507.00000,16772.00000,24135
2016.09.13,00:00,16759.50000,16834.50000,16507.00000,16642.00000,23069
2016.09.14,00:00,16649.50000,16702.00000,16425.00000,16470.00000,19534
2016.09.15,00:00,16475.00000,16510.00000,16332.50000,16495.00000,18924
2016.09.16,00:00,16465.00000,16502.50000,16330.00000,16350.00000,15499
2016.09.19,00:00,16355.00000,16450.00000,16315.00000,16355.00000,5175
2016.09.20,00:00,16357.50000,16565.00000,16355.00000,16445.00000,8284
2016.09.21,00:00,16467.50000,16837.00000,16337.50000,16597.00000,16462
2016.09.22,00:00,16584.50000,16917.00000,16547.00000,16857.00000,5350
2016.09.23,00:00,16865.00000,16875.00000,16640.00000,16675.00000,7788
2016.09.26,00:00,16682.50000,16685.00000,16345.00000,16377.50000,7992
2016.09.27,00:00,16390.00000,16664.00000,16252.50000,16561.50000,12650
2016.09.28,00:00,16465.50000,16535.00000,16357.50000,16527.50000,10484
2016.09.29,00:00,16545.00000,16735.00000,16437.50000,16515.00000,12461
2016.09.30,00:00,16500.00000,16585.00000,16310.00000,16550.00000,13332
2016.10.03,00:00,16560.00000,16630.00000,16515.00000,16608.50000,6529
2016.10.04,00:00,16631.00000,16851.00000,16603.50000,16736.00000,15776
2016.10.05,00:00,16791.00000,16968.50000,16701.00000,16941.00000,12490
2016.10.06,00:00,16931.00000,16956.00000,16823.50000,16936.00000,11874
2016.10.07,00:00,16913.50000,16916.00000,16726.00000,16776.00000,19599
2016.10.10,00:00,16816.00000,16986.00000,16751.00000,16946.00000,4726
2016.10.11,00:00,16953.50000,17061.00000,16811.00000,16876.00000,16457
2016.10.12,00:00,16851.00000,16986.00000,16828.50000,16963.50000,13518
2016.10.13,00:00,16946.00000,16973.50000,16640.90000,16770.90000,19204
2016.10.14,00:00,16778.40000,16960.90000,16715.90000,16873.40000,15621
2016.10.17,00:00,16848.40000,16935.90000,16805.90000,16840.90000,7302
2016.10.18,00:00,16823.40000,17000.90000,16823.40000,16933.40000,6847
2016.10.19,00:00,16940.90000,17003.40000,16915.90000,16980.50000,8183
2016.10.20,00:00,16975.50000,17283.00000,16953.00000,17273.00000,11875
2016.10.21,00:00,17259.50000,17293.00000,17118.00000,17238.00000,10154
2016.10.24,00:00,17270.50000,17358.00000,17158.00000,17333.00000,8189
2016.10.25,00:00,17330.50000,17423.00000,17298.00000,17343.00000,8574
2016.10.26,00:00,17315.50000,17378.00000,17253.00000,17353.00000,11430
2016.10.27,00:00,17340.50000,17486.00000,17270.50000,17443.50000,15099
2016.10.28,00:00,17453.50000,17486.00000,17336.00000,17398.50000,19296
2016.10.31,00:00,17351.00000,17451.00000,17321.00000,17391.00000,11605
2016.11.01,00:00,17381.00000,17481.00000,17146.00000,17241.00000,15242
2016.11.02,00:00,17218.50000,17278.50000,16946.00000,17013.50000,19247
2016.11.03,00:00,17028.50000,17121.00000,16911.00000,16966.00000,10965
2016.11.04,00:00,16973.50000,17001.00000,16803.50000,16851.00000,18694
2016.11.07,00:00,17148.50000,17311.00000,17061.00000,17308.50000,11609
2016.11.08,00:00,17223.50000,17376.00000,17106.00000,17313.50000,12442
2016.11.09,00:00,17296.00000,17432.50000,16105.00000,17210.00000,68113
2016.11.10,00:00,17212.50000,17560.50000,17107.50000,17495.50000,40237
2016.11.11,00:00,17518.00000,17613.00000,17263.00000,17418.00000,23385
2016.11.14,00:00,17480.50000,17733.00000,17470.50000,17698.00000,23696
2016.11.15,00:00,17685.50000,17899.00000,17606.50000,17899.00000,15728
2016.11.16,00:00,17846.50000,17944.00000,17774.00000,17779.00000,14761
2016.11.17,00:00,17769.00000,18106.50000,17766.50000,18099.00000,15223
2016.11.18,00:00,18054.00000,18054.00000,17914.00000,18019.00000,15911
2016.11.21,00:00,18029.00000,18159.00000,17994.00000,18019.00000,12719
2016.11.22,00:00,18076.50000,18241.00000,18044.00000,18208.50000,10379
2016.11.23,00:00,18211.00000,18441.00000,18146.00000,18426.00000,8986
2016.11.24,00:00,18328.50000,18461.00000,18316.00000,18421.00000,7750
2016.11.25,00:00,18393.50000,18481.00000,18263.00000,18373.00000,12585
2016.11.28,00:00,18290.50000,18373.00000,18208.00000,18273.00000,16869
2016.11.29,00:00,18255.50000,18443.00000,18245.50000,18348.00000,13266
2016.11.30,00:00,18358.00000,18656.00000,18281.00000,18611.00000,18137
2016.12.01,00:00,18588.50000,18741.00000,18386.00000,18436.00000,21857
2016.12.02,00:00,18428.50000,18466.00000,18246.00000,18361.00000,18233
2016.12.05,00:00,18333.50000,18556.00000,18223.50000,18393.50000,12827
2016.12.06,00:00,18463.50000,18483.00000,18308.00000,18448.00000,8422
2016.12.07,00:00,18445.50000,18661.00000,18405.50000,18621.00000,7351
2016.12.08,00:00,18667.00000,18907.50000,18600.00000,18842.50000,14481
2016.12.09,00:00,18812.50000,19220.00000,18795.00000,19210.00000,10967
2016.12.12,00:00,19192.50000,19271.00000,19053.50000,19101.00000,17161
2016.12.13,00:00,19093.50000,19346.00000,19056.00000,19316.00000,15200
2016.12.14,00:00,19268.50000,19456.00000,19161.00000,19378.50000,16390
2016.12.15,00:00,19341.00000,19541.00000,19163.50000,19473.50000,19362
2016.12.16,00:00,19443.50000,19451.00000,19272.00000,19337.00000,10867
2016.12.19,00:00,19334.50000,19452.00000,19302.00000,19420.00000,13147
2016.12.20,00:00,19370.00000,19652.00000,19364.50000,19581.50000,11215
2016.12.21,00:00,19561.50000,19599.00000,19375.00000,19445.00000,12596
2016.12.22,00:00,19387.50000,19440.00000,19315.00000,19415.00000,9712
2016.12.23,00:00,19422.50000,19477.50000,19385.00000,19430.00000,2339
2016.12.27,00:00,19357.50000,19480.00000,19357.50000,19425.00000,6921
2016.12.28,00:00,19403.00000,19478.00000,19308.00000,19335.50000,8226
2016.12.29,00:00,19295.50000,19300.50000,18938.00000,19035.50000,14095
2016.12.30,00:00,18990.50000,19180.00000,18985.00000,19055.00000,14345
2017.01.03,00:00,19212.50000,19430.00000,19150.00000,19327.50000,9182
2017.01.04,00:00,19297.50000,19670.00000,19280.00000,19630.00000,12865
2017.01.05,00:00,19587.50000,19612.00000,19374.50000,19432.00000,19755
2017.01.06,00:00,19339.50000,19624.50000,19334.50000,19592.00000,14664
2017.01.09,00:00,19584.50000,19697.00000,19407.00000,19432.00000,8658
2017.01.10,00:00,19399.50000,19477.00000,19242.00000,19327.00000,19986
2017.01.11,00:00,19359.50000,19512.00000,19124.50000,19352.00000,23300
2017.01.12,00:00,19257.00000,19272.00000,18952.00000,19177.00000,24949
2017.01.13,00:00,19184.50000,19377.00000,19147.00000,19299.50000,16339
2017.01.16,00:00,19214.50000,19242.00000,19037.00000,19052.00000,11416
2017.01.17,00:00,19032.00000,19047.00000,18667.00000,18727.00000,25334
2017.01.18,00:00,18759.50000,19027.00000,18637.00000,19017.00000,18478
2017.01.19,00:00,19079.50000,19182.00000,18972.00000,19057.00000,21991
2017.01.20,00:00,19042.00000,19277.00000,19027.00000,19147.00000,25894
2017.01.23,00:00,18929.50000,19017.00000,18792.00000,18897.00000,22003
2017.01.24,00:00,18807.00000,19077.00000,18772.00000,19042.00000,15106
2017.01.25,00:00,19104.50000,19285.00000,18977.50000,19217.50000,14471
2017.01.26,00:00,19242.50000,19565.00000,19230.00000,19510.00000,15359
2017.01.27,00:00,19447.50000,19555.00000,19400.00000,19470.00000,15389
2017.01.30,00:00,19357.50000,19395.00000,19060.00000,19175.00000,15008
2017.01.31,00:00,19120.00000,19185.00000,18815.00000,18987.50000,27616
2017.02.01,00:00,18920.00000,19285.00000,18910.00000,19165.00000,24992
2017.02.02,00:00,19140.00000,19164.50000,18857.50000,19050.00000,22124
2017.02.03,00:00,19007.50000,19110.50000,18815.00000,19060.00000,27685
2017.02.06,00:00,19077.50000,19080.00000,18795.00000,18850.00000,21837
2017.02.07,00:00,18835.00000,18971.50000,18795.00000,18947.50000,22333
2017.02.08,00:00,18930.00000,19045.00000,18860.00000,18930.00000,17813
2017.02.09,00:00,18920.00000,19212.00000,18872.00000,19167.00000,13938
2017.02.10,00:00,19272.00000,19462.00000,19197.00000,19344.50000,17480
2017.02.13,00:00,19497.00000,19534.50000,19407.00000,19514.50000,11814
2017.02.14,00:00,19492.00000,19497.00000,19227.00000,19477.00000,17935
2017.02.15,00:00,19459.50000,19494.50000,19342.00000,19419.50000,11884
2017.02.16,00:00,19417.00000,19422.00000,19167.00000,19269.50000,17148
2017.02.17,00:00,19227.00000,19270.00000,19025.00000,19137.50000,15656
2017.02.20,00:00,19152.50000,19275.50000,19105.00000,19268.00000,7681
2017.02.21,00:00,19260.50000,19479.50000,19255.50000,19452.00000,14390
2017.02.22,00:00,19412.00000,19419.50000,19277.00000,19337.00000,19042
2017.02.23,00:00,19372.00000,19372.00000,19226.50000,19287.00000,18895
2017.02.24,00:00,19215.00000,19387.50000,19072.50000,19147.50000,18325
2017.02.27,00:00,19127.50000,19213.00000,18985.50000,19190.50000,18160
2017.02.28,00:00,19200.50000,19258.00000,19013.00000,19175.50000,17933
2017.03.01,00:00,19235.50000,19613.00000,19153.00000,19553.00000,32019
2017.03.02,00:00,19635.50000,19668.00000,19528.00000,19545.50000,20159
2017.03.03,00:00,19541.50000,19579.50000,19383.00000,19448.00000,21378
2017.03.06,00:00,19398.50000,19411.00000,19296.00000,19361.00000,13737
2017.03.07,00:00,19333.50000,19385.50000,19303.00000,19330.50000,11612
2017.03.08,00:00,19310.50000,19407.00000,19189.00000,19314.50000,13489
2017.03.09,00:00,19334.50000,19414.50000,19252.00000,19409.50000,15966
2017.03.10,00:00,19459.50000,19653.50000,19428.50000,19573.50000,17508
2017.03.13,00:00,19579.50000,19666.00000,19518.50000,19663.50000,10490
2017.03.14,00:00,19698.50000,19703.50000,19513.50000,19553.50000,9512
2017.03.15,00:00,19533.50000,19590.50000,19460.50000,19486.50000,13080
2017.03.16,00:00,19506.50000,19641.50000,19420.50000,19461.50000,14187
2017.03.17,00:00,19467.50000,19538.50000,19390.50000,19426.50000,8995
2017.03.20,00:00,19430.50000,19520.50000,19345.50000,19400.50000,4235
2017.03.21,00:00,19390.50000,19476.50000,19081.50000,19096.50000,17227
2017.03.22,00:00,19081.50000,19166.50000,18896.50000,19035.50000,20774
2017.03.23,00:00,19071.50000,19121.50000,18941.50000,19031.50000,20519
2017.03.24,00:00,19067.50000,19292.50000,19046.50000,19221.50000,22748
2017.03.27,00:00,19092.50000,19125.50000,18866.50000,19115.50000,18447
2017.03.28,00:00,19143.00000,19340.50000,19065.50000,19316.50000,12507
2017.03.29,00:00,19183.50000,19243.50000,19092.50000,19152.50000,13484
2017.03.30,00:00,19158.50000,19207.50000,19012.50000,19172.50000,14259
2017.03.31,00:00,19188.50000,19200.50000,18877.50000,18947.50000,12477
2017.04.03,00:00,18937.50000,19062.50000,18897.50000,18982.50000,12229
2017.04.04,00:00,18963.50000,18963.50000,18692.50000,18902.50000,17378
2017.04.05,00:00,18932.50000,19023.50000,18762.50000,18777.50000,13844
2017.04.06,00:00,18757.50000,18782.50000,18522.50000,18717.50000,17929
2017.04.07,00:00,18742.50000,18842.50000,18499.50000,18777.50000,36538
2017.04.10,00:00,18812.50000,18846.50000,18686.50000,18746.50000,11956
2017.04.11,00:00,18731.50000,18757.50000,18541.50000,18636.50000,14332
2017.04.12,00:00,18621.50000,18631.50000,18451.50000,18461.50000,19788
2017.04.13,00:00,18426.50000,18446.50000,18296.50000,18341.50000,16411
2017.04.17,00:00,18267.50000,18469.00000,18192.50000,18466.50000,7370
2017.04.18,00:00,18477.50000,18531.50000,18256.50000,18316.50000,12605
2017.04.19,00:00,18296.50000,18497.50000,18286.50000,18376.50000,11486
2017.04.20,00:00,18377.50000,18612.50000,18362.50000,18568.50000,13612
2017.04.21,00:00,18588.50000,18657.50000,18532.50000,18602.50000,13201
2017.04.24,00:00,18952.50000,18997.50000,18831.50000,18853.50000,19317
2017.04.25,00:00,18878.50000,19228.50000,18842.50000,19187.50000,12440
2017.04.26,00:00,19153.50000,19318.50000,19142.50000,19168.50000,15874
2017.04.27,00:00,19183.50000,19295.50000,19178.50000,19224.50000,6319
2017.04.28,00:00,19219.50000,19257.50000,19148.50000,19194.50000,5657
2017.05.01,00:00,19158.50000,19361.50000,19155.50000,19340.50000,4214
2017.05.02,00:00,19361.50000,19504.50000,19325.50000,19451.50000,5520
2017.05.03,00:00,19405.50000,19619.50000,19395.50000,19584.50000,1060
2017.05.04,00:00,19583.50000,19660.50000,19495.50000,19570.50000,1959
2017.05.05,00:00,19570.50000,19708.50000,19448.50000,19697.50000,4500
2017.05.08,00:00,19764.50000,19927.50000,19703.50000,19902.50000,8721
2017.05.09,00:00,19898.50000,20018.50000,19840.50000,19963.50000,6024
2017.05.10,00:00,19911.50000,19960.50000,19860.50000,19939.50000,5650
2017.05.11,00:00,19942.50000,19993.50000,19784.50000,19863.50000,6141
2017.05.12,00:00,19859.50000,19937.50000,19782.50000,19803.50000,3584
2017.05.15,00:00,19788.50000,19947.50000,19748.50000,19942.50000,2730
2017.05.16,00:00,19933.50000,19990.50000,19801.50000,19846.50000,3519
2017.05.17,00:00,19791.50000,19835.50000,19437.50000,19457.50000,6957
2017.05.18,00:00,19466.50000,19646.50000,19276.50000,19592.50000,6937
2017.05.19,00:00,19606.50000,19740.50000,19491.50000,19679.50000,3361
2017.05.22,00:00,19671.50000,19715.50000,19610.50000,19680.50000,4531
2017.05.23,00:00,19661.50000,19767.50000,19578.50000,19762.50000,7005
2017.05.24,00:00,19763.50000,19786.00000,19680.50000,19717.50000,4486
2017.05.25,00:00,19740.50000,19846.50000,19709.50000,19806.50000,3441
2017.05.26,00:00,19796.50000,19796.50000,19586.50000,19696.50000,2279
2017.05.29,00:00,19714.50000,19729.50000,19614.50000,19681.50000,2111
2017.05.30,00:00,19672.50000,19707.50000,19563.50000,19617.50000,4184
2017.05.31,00:00,19627.50000,19708.50000,19580.50000,19660.50000,2639
2017.06.01,00:00,19661.50000,19918.50000,19658.50000,19915.50000,4712
2017.06.02,00:00,19944.50000,20229.50000,19916.50000,20158.50000,6111
2017.06.05,00:00,20133.50000,20214.50000,20088.50000,20144.50000,3573
2017.06.06,00:00,20124.50000,20149.50000,19883.50000,19928.50000,4993
2017.06.07,00:00,19933.50000,20011.50000,19895.50000,19979.50000,3701
2017.06.08,00:00,19976.50000,20068.50000,19898.50000,20028.50000,4571
2017.06.09,00:00,19993.50000,20108.50000,19854.50000,19942.50000,7360
2017.06.12,00:00,19943.50000,19953.50000,19788.00000,19847.00000,6693
2017.06.13,00:00,19852.00000,19968.00000,19843.00000,19949.00000,2336
2017.06.14,00:00,19969.00000,20005.00000,19756.00000,19870.00000,5352
2017.06.15,00:00,19820.00000,19969.50000,19743.50000,19902.00000,11498
2017.06.16,00:00,19897.00000,20007.00000,19881.00000,19948.00000,4567
2017.06.19,00:00,19973.50000,20161.00000,19943.50000,20151.00000,4403
2017.06.20,00:00,20178.50000,20318.50000,20164.50000,20191.00000,4330
2017.06.21,00:00,20163.50000,20203.50000,20063.00000,20129.00000,4901
2017.06.22,00:00,20099.00000,20184.00000,20063.00000,20125.00000,4407
2017.06.23,00:00,20139.00000,20153.50000,20071.00000,20112.00000,3737
2017.06.26,00:00,20084.50000,20223.00000,20083.50000,20207.00000,2380
2017.06.27,00:00,20232.00000,20236.00000,20120.00000,20164.00000,3500
2017.06.28,00:00,20133.00000,20211.00000,20049.00000,20202.00000,3596
2017.06.29,00:00,20267.00000,20273.00000,19858.00000,19974.00000,5049
2017.06.30,00:00,19958.00000,20097.50000,19933.00000,20072.50000,5999
2017.07.03,00:00,20037.50000,20186.00000,20022.50000,20176.00000,2824
2017.07.04,00:00,20146.00000,20191.00000,19951.00000,20057.50000,1792
2017.07.05,00:00,20002.00000,20128.00000,19873.00000,20071.00000,4564
2017.07.06,00:00,20072.00000,20072.00000,19867.00000,19890.00000,2945
2017.07.07,00:00,19875.00000,20050.00000,19835.00000,20024.00000,2499
2017.07.10,00:00,20053.50000,20121.00000,20021.00000,20053.50000,3056
2017.07.11,00:00,20051.00000,20181.00000,20041.00000,20115.00000,2138
2017.07.12,00:00,20115.00000,20157.00000,20040.00000,20137.00000,2331
2017.07.13,00:00,20147.50000,20167.00000,20047.00000,20110.00000,2359
2017.07.14,00:00,20130.00000,20145.00000,20025.00000,20046.00000,1835
2017.07.17,00:00,20033.50000,20119.00000,19979.00000,20027.00000,710
2017.07.18,00:00,20072.00000,20073.00000,19903.00000,19978.00000,1717
2017.07.19,00:00,19993.00000,20024.00000,19943.00000,20024.00000,3163
2017.07.20,00:00,20039.00000,20149.00000,20018.00000,20098.00000,7358
2017.07.21,00:00,20073.00000,20123.00000,19962.00000,19988.00000,5083
2017.07.24,00:00,19963.50000,19989.00000,19868.00000,19954.00000,5718
2017.07.25,00:00,19959.00000,20095.00000,19930.00000,20070.00000,5614
2017.07.26,00:00,20065.00000,20110.00000,20005.00000,20015.00000,4682
2017.07.27,00:00,20028.00000,20170.00000,19961.00000,20033.00000,8185
2017.07.28,00:00,20004.50000,20038.00000,19923.00000,19963.00000,5828
2017.07.31,00:00,19954.50000,19994.00000,19903.00000,19938.00000,5820
2017.08.01,00:00,19929.00000,20045.00000,19924.00000,20014.00000,4896
2017.08.02,00:00,20070.00000,20105.00000,20015.00000,20070.00000,5181
2017.08.03,00:00,20040.00000,20065.00000,19965.00000,19970.00000,5243
2017.08.04,00:00,19960.00000,20065.00000,19935.00000,20038.00000,2612
2017.08.07,00:00,20068.50000,20100.00000,20035.00000,20061.00000,2089
2017.08.08,00:00,20056.00000,20071.00000,19940.00000,19946.00000,2986
2017.08.09,00:00,19906.00000,19932.00000,19653.00000,19765.00000,8991
2017.08.10,00:00,19795.00000,19825.00000,19365.00000,19369.00000,8477
2017.08.11,00:00,19357.00000,19503.00000,19307.00000,19387.00000,4451
2017.08.14,00:00,19445.50000,19616.00000,19440.50000,19601.00000,5547
2017.08.15,00:00,19616.00000,19834.00000,19612.00000,19729.00000,5456
2017.08.16,00:00,19739.00000,19808.00000,19691.00000,19724.00000,5781
2017.08.17,00:00,19709.00000,19732.00000,19483.00000,19490.00000,9466
2017.08.18,00:00,19485.00000,19555.00000,19324.00000,19445.00000,8560
2017.08.21,00:00,19525.50000,19539.50000,19268.00000,19334.00000,7669
2017.08.22,00:00,19380.00000,19492.00000,19347.00000,19492.00000,5072
2017.08.23,00:00,19537.00000,19559.00000,19355.00000,19362.00000,6355
2017.08.24,00:00,19328.50000,19424.00000,19316.00000,19423.00000,6469
2017.08.25,00:00,19428.00000,19544.00000,19380.00000,19456.00000,5867
2017.08.28,00:00,19454.50000,19528.50000,19405.00000,19474.00000,6328
2017.08.29,00:00,19210.00000,19496.00000,19143.00000,19471.00000,15988
2017.08.30,00:00,19446.00000,19578.00000,19429.00000,19565.00000,9871
2017.08.31,00:00,19570.00000,19730.00000,19555.00000,19675.00000,8414
2017.09.01,00:00,19690.00000,19740.00000,19614.00000,19690.00000,9619
2017.09.04,00:00,19568.50000,19617.50000,19420.00000,19508.00000,6558
2017.09.05,00:00,19515.00000,19580.00000,19263.00000,19350.00000,14245
2017.09.06,00:00,19330.00000,19481.00000,19255.00000,19461.00000,12640
2017.09.07,00:00,19426.00000,19481.00000,19353.00000,19408.00000,13120
2017.09.08,00:00,19412.00000,19418.00000,19229.00000,19291.00000,10733
2017.09.11,00:00,19414.50000,19695.00000,19403.50000,19692.00000,7514
2017.09.12,00:00,19680.00000,19858.00000,19648.00000,19852.00000,6127
2017.09.13,00:00,19882.00000,19898.00000,19791.00000,19871.00000,5272
2017.09.14,00:00,19851.00000,19901.00000,19780.00000,19857.00000,6918
2017.09.15,00:00,19782.00000,20021.00000,19765.00000,19969.00000,7226
2017.09.18,00:00,19984.50000,20130.00000,19984.50000,20094.00000,3015
2017.09.19,00:00,20109.00000,20308.00000,20094.00000,20270.00000,7997
2017.09.20,00:00,20260.00000,20411.00000,20247.00000,20406.00000,10147
2017.09.21,00:00,20406.00000,20496.00000,20308.00000,20390.00000,9246
2017.09.22,00:00,20385.00000,20415.00000,20249.00000,20325.00000,7403
2017.09.25,00:00,20379.50000,20443.50000,20228.00000,20305.00000,11170
2017.09.26,00:00,20335.00000,20390.00000,20275.00000,20365.00000,8660
2017.09.27,00:00,20222.00000,20418.00000,20202.00000,20382.00000,8689
2017.09.28,00:00,20378.50000,20402.00000,20288.00000,20323.00000,8236
2017.09.29,00:00,20303.00000,20364.00000,20271.00000,20348.00000,6753
2017.10.02,00:00,20389.50000,20474.00000,20353.50000,20469.00000,7464
2017.10.03,00:00,20464.00000,20674.00000,20433.00000,20668.00000,6638
2017.10.04,00:00,20639.50000,20684.00000,20584.00000,20658.00000,8356
2017.10.05,00:00,20653.00000,20694.00000,20593.00000,20694.00000,7628
2017.10.06,00:00,20689.00000,20754.00000,20632.00000,20657.00000,8023
2017.10.09,00:00,20636.00000,20734.00000,20636.00000,20674.00000,2097
2017.10.10,00:00,20689.00000,20834.00000,20653.00000,20813.00000,7371
2017.10.11,00:00,20793.00000,20964.00000,20778.00000,20939.00000,6701
2017.10.12,00:00,20944.00000,21030.00000,20913.00000,20974.00000,7798
2017.10.13,00:00,20964.00000,21260.00000,20923.00000,21235.00000,8889
2017.10.16,00:00,21239.50000,21350.00000,21193.50000,21335.00000,9469
2017.10.17,00:00,21345.00000,21390.00000,21223.00000,21360.00000,9448
2017.10.18,00:00,21345.00000,21445.00000,21308.00000,21445.00000,9735
2017.10.19,00:00,21444.00000,21511.00000,21205.00000,21331.00000,16779
2017.10.20,00:00,21321.00000,21555.00000,21306.00000,21555.00000,10858
2017.10.23,00:00,21689.50000,21835.00000,21613.00000,21643.00000,12458
2017.10.24,00:00,21638.00000,21929.00000,21627.00000,21899.00000,8000
2017.10.25,00:00,21889.00000,21924.00000,21588.00000,21709.00000,9715
2017.10.26,00:00,21704.00000,21854.00000,21693.00000,21849.00000,7354
2017.10.27,00:00,21864.00000,22125.00000,21816.00000,22050.00000,7240
2017.10.30,00:00,22064.50000,22084.50000,21849.00000,21894.00000,6310
2017.10.31,00:00,21865.50000,22213.00000,21842.00000,22203.00000,5569
2017.11.01,00:00,22178.00000,22594.00000,22158.00000,22523.00000,7668
2017.11.02,00:00,22463.00000,22567.00000,22362.00000,22558.00000,7455
2017.11.03,00:00,22563.00000,22633.00000,22497.00000,22615.50000,4243
2017.11.06,00:00,22617.00000,22653.00000,22423.00000,22572.00000,6468
2017.11.07,00:00,22525.50000,22999.00000,22516.00000,22853.00000,7338
2017.11.08,00:00,22823.00000,22958.00000,22741.00000,22922.00000,6404
2017.11.09,00:00,22997.00000,23423.00000,22318.00000,22640.50000,25746
2017.11.10,00:00,22556.00000,22721.00000,22327.00000,22464.50000,19955
2017.11.13,00:00,22604.50000,22609.50000,22106.00000,22354.50000,11388
2017.11.14,00:00,22336.00000,22535.00000,22252.00000,22296.00000,14129
2017.11.15,00:00,22256.00000,22308.00000,21826.00000,22096.00000,22267
2017.11.16,00:00,21991.00000,22617.00000,21978.00000,22567.00000,14311
2017.11.17,00:00,22597.00000,22766.00000,22273.00000,22329.00000,19436
2017.11.20,00:00,22304.50000,22505.00000,22163.00000,22453.00000,14964
2017.11.21,00:00,22463.00000,22666.00000,22400.00000,22656.00000,11573
2017.11.22,00:00,22626.00000,22682.00000,22338.00000,22388.00000,13098
2017.11.23,00:00,22393.00000,22481.00000,22308.00000,22416.00000,3665
2017.11.24,00:00,22402.00000,22652.00000,22375.00000,22641.00000,11775
2017.11.27,00:00,22661.00000,22664.00000,22412.00000,22464.00000,15252
2017.11.28,00:00,22464.00000,22645.00000,22363.00000,22626.00000,15344
2017.11.29,00:00,22636.00000,22799.00000,22510.00000,22654.00000,17029
2017.11.30,00:00,22589.00000,22966.00000,22510.00000,22861.00000,16659
2017.12.01,00:00,22956.00000,22995.00000,22368.00000,22649.00000,28466
2017.12.04,00:00,22849.50000,22864.00000,22480.00000,22480.00000,17012
2017.12.05,00:00,22585.00000,22680.00000,22446.00000,22462.00000,17283
2017.12.06,00:00,22522.00000,22529.00000,22048.00000,22242.00000,17754
2017.12.07,00:00,22327.00000,22655.00000,22317.00000,22615.00000,13313
2017.12.08,00:00,22645.00000,22900.00000,22558.00000,22881.00000,12635
2017.12.11,00:00,22895.50000,22947.00000,22791.00000,22947.00000,7952
2017.12.12,00:00,22937.00000,22997.00000,22816.00000,22881.00000,7322
2017.12.13,00:00,22881.00000,22881.00000,22673.00000,22683.00000,9671
2017.12.14,00:00,22698.00000,22779.00000,22539.00000,22588.00000,8362
2017.12.15,00:00,22623.00000,22750.00000,22473.00000,22713.00000,9109
2017.12.18,00:00,22762.50000,23002.50000,22740.50000,22992.50000,9583
2017.12.19,00:00,22962.50000,22992.50000,22786.50000,22797.50000,7183
2017.12.20,00:00,22835.50000,22927.50000,22800.50000,22852.50000,7534
2017.12.21,00:00,22855.50000,22937.50000,22720.50000,22817.50000,5850
2017.12.22,00:00,22837.50000,22907.50000,22802.50000,22867.50000,4435
2017.12.26,00:00,22892.50000,22917.50000,22877.50000,22902.50000,1757
2017.12.27,00:00,22864.50000,22949.50000,22858.50000,22909.50000,4089
2017.12.28,00:00,22914.50000,22944.50000,22719.50000,22784.50000,3553
2017.12.29,00:00,22829.50000,22874.50000,22549.50000,22699.50000,4817
2018.01.02,00:00,22839.50000,22894.50000,22614.50000,22819.50000,5932
2018.01.03,00:00,22824.50000,23209.50000,22804.50000,23149.50000,6157
2018.01.04,00:00,23129.50000,23664.50000,23124.50000,23631.50000,7491
2018.01.05,00:00,23619.50000,23814.50000,23506.50000,23789.50000,6675
2018.01.08,00:00,23879.50000,23959.50000,23808.50000,23944.50000,6047
2018.01.09,00:00,23964.50000,23967.50000,23758.50000,23833.50000,7709
2018.01.10,00:00,23812.50000,23843.50000,23543.50000,23613.50000,11495
2018.01.11,00:00,23638.50000,23783.50000,23586.50000,23773.50000,9458
2018.01.12,00:00,23723.50000,23831.50000,23574.50000,23826.50000,8913
2018.01.15,00:00,23806.50000,23821.50000,23671.50000,23691.50000,5076
2018.01.16,00:00,23709.50000,23991.50000,23644.50000,23736.50000,12504
2018.01.17,00:00,23766.50000,24124.75000,23721.50000,24071.75000,11643
2018.01.18,00:00,24101.75000,24101.75000,23690.75000,23825.75000,15118
2018.01.19,00:00,23825.75000,23895.75000,23720.75000,23840.75000,12022
2018.01.22,00:00,23778.75000,23954.95000,23675.75000,23951.95000,7377
2018.01.23,00:00,23922.95000,24184.95000,23908.95000,24014.95000,12913
2018.01.24,00:00,23994.95000,24059.95000,23599.95000,23749.95000,15315
2018.01.25,00:00,23731.95000,23819.95000,23452.95000,23614.95000,19762
2018.01.26,00:00,23734.95000,23784.95000,23544.95000,23734.95000,15989
2018.01.29,00:00,23717.95000,23777.95000,23477.95000,23542.95000,14748
2018.01.30,00:00,23557.95000,23567.95000,23096.95000,23192.95000,22360
2018.01.31,00:00,23182.95000,23367.95000,23075.95000,23267.95000,19923
2018.02.01,00:00,23277.95000,23487.95000,23217.95000,23287.95000,21915
2018.02.02,00:00,23327.95000,23347.95000,22937.95000,22962.95000,28145
2018.02.05,00:00,22791.95000,22846.95000,21366.95000,21381.95000,34142
2018.02.06,00:00,21711.95000,22286.95000,21066.95000,22246.95000,71048
2018.02.07,00:00,22266.95000,22346.95000,21461.95000,21846.95000,48671
2018.02.08,00:00,21716.95000,22005.95000,21086.95000,21161.95000,59445
2018.02.09,00:00,21131.95000,21571.95000,20541.95000,21256.95000,63710
2018.02.12,00:00,21391.95000,21716.95000,21286.95000,21646.95000,31961
2018.02.13,00:00,21695.95000,21695.95000,20920.95000,21221.95000,44025
2018.02.14,00:00,21246.95000,21521.95000,20931.95000,21511.95000,46103
2018.02.15,00:00,21381.95000,21616.95000,21301.95000,21491.95000,36252
2018.02.16,00:00,21565.95000,21921.95000,21506.95000,21886.95000,32154
2018.02.19,00:00,21891.95000,22156.95000,21841.95000,21996.95000,13882
2018.02.20,00:00,22051.95000,22056.95000,21806.95000,21866.95000,29276
2018.02.21,00:00,21946.95000,22181.95000,21816.95000,21886.95000,33295
2018.02.22,00:00,21765.95000,21885.95000,21610.95000,21716.95000,33542
2018.02.23,00:00,21795.95000,22046.95000,21726.95000,22036.95000,21312
2018.02.26,00:00,22149.95000,22419.95000,22039.95000,22419.95000,20437
2018.02.27,00:00,22384.95000,22509.95000,22168.95000,22179.95000,26724
2018.02.28,00:00,22278.95000,22374.95000,21881.95000,21909.95000,31172
2018.03.01,00:00,21923.95000,21924.95000,21029.95000,21109.95000,50681
2018.03.02,00:00,21188.95000,21269.95000,20684.95000,21124.95000,49830
2018.03.05,00:00,21019.95000,21464.95000,20844.95000,21414.95000,40460
2018.03.06,00:00,21439.95000,21809.95000,21389.95000,21633.95000,35297
2018.03.07,00:00,21263.95000,21488.95000,21188.95000,21438.95000,39463
2018.03.08,00:00,21498.95000,21645.95000,21285.95000,21645.95000,27655
2018.03.09,00:00,21615.95000,21890.95000,21350.95000,21870.95000,28470
2018.03.12,00:00,21920.95000,21980.95000,21680.95000,21740.95000,21819
2018.03.13,00:00,21745.95000,22100.95000,21700.95000,21765.95000,27130
2018.03.14,00:00,21750.95000,21910.95000,21595.95000,21730.95000,29815
2018.03.15,00:00,21735.95000,21875.95000,21540.95000,21830.95000,21985
2018.03.16,00:00,21827.95000,21855.95000,21510.95000,21594.95000,16113
2018.03.19,00:00,21545.95000,21650.95000,21061.95000,21277.95000,26344
2018.03.20,00:00,21257.95000,21497.95000,21186.95000,21466.95000,20566
2018.03.21,00:00,21467.95000,21547.95000,21301.95000,21317.95000,16950
2018.03.22,00:00,21367.95000,21577.95000,21026.95000,21037.95000,34858
2018.03.23,00:00,20841.95000,20987.95000,20317.95000,20352.95000,46535
2018.03.26,00:00,20347.95000,20887.95000,20330.95000,20867.95000,33997
2018.03.27,00:00,20894.95000,21351.95000,20786.95000,20871.95000,35145
2018.03.28,00:00,20729.95000,21319.95000,20674.95000,21229.95000,53897
2018.03.29,00:00,21274.95000,21623.95000,20978.95000,21468.95000,23559
2018.04.02,00:00,21448.95000,21588.95000,20918.95000,21043.95000,25669
2018.04.03,00:00,21047.95000,21523.95000,21033.95000,21488.95000,27478
2018.04.04,00:00,21458.95000,21563.95000,21028.95000,21558.95000,29629
2018.04.05,00:00,21539.95000,21913.95000,21453.95000,21878.95000,21139
2018.04.06,00:00,21663.95000,21743.95000,21308.95000,21423.95000,30617
2018.04.09,00:00,21498.95000,21798.95000,21473.95000,21593.95000,25146
2018.04.10,00:00,21637.95000,21962.95000,21532.95000,21838.95000,33780
2018.04.11,00:00,21848.95000,21858.95000,21563.95000,21643.95000,23657
2018.04.12,00:00,21668.95000,21843.95000,21588.95000,21812.95000,18971
2018.04.13,00:00,21768.95000,21918.95000,21693.95000,21768.95000,18664
2018.04.16,00:00,21908.95000,21913.95000,21758.95000,21813.95000,16889
2018.04.17,00:00,21820.95000,21943.95000,21768.95000,21883.95000,14661
2018.04.18,00:00,21927.95000,22188.95000,21908.95000,22157.95000,12268
2018.04.19,00:00,22178.95000,22348.95000,22047.95000,22133.95000,17303
2018.04.20,00:00,22128.95000,22258.95000,22043.95000,22071.95000,18230
2018.04.23,00:00,22123.95000,22203.95000,22018.95000,22183.95000,16663
2018.04.24,00:00,22203.95000,22343.95000,21958.95000,22068.95000,23221
2018.04.25,00:00,22087.95000,22283.95000,22066.95000,22283.95000,22368
2018.04.26,00:00,22358.95000,22437.95000,22257.95000,22432.95000,13610
2018.04.27,00:00,22432.95000,22550.95000,22357.95000,22446.95000,11989
2018.04.30,00:00,22462.95000,22632.95000,22417.95000,22432.95000,11333
2018.05.01,00:00,22427.95000,22557.95000,22416.95000,22537.95000,9136
2018.05.02,00:00,22582.95000,22582.95000,22417.95000,22417.95000,13482
2018.05.03,00:00,22372.95000,22383.95000,22087.95000,22342.95000,18434
2018.05.04,00:00,22336.95000,22503.95000,22158.95000,22463.95000,14325
2018.05.07,00:00,22482.95000,22537.95000,22342.95000,22462.95000,8196
2018.05.08,00:00,22457.95000,22557.95000,22407.95000,22495.95000,10571
2018.05.09,00:00,22482.95000,22487.95000,22357.95000,22482.95000,8628
2018.05.10,00:00,22481.95000,22542.95000,22417.95000,22507.95000,5908
2018.05.11,00:00,22506.95000,22772.95000,22502.95000,22697.95000,6506
2018.05.14,00:00,22697.95000,22887.95000,22697.95000,22867.95000,6550
2018.05.15,00:00,22870.95000,22902.95000,22716.95000,22742.95000,11127
2018.05.16,00:00,22727.95000,22812.95000,22685.95000,22807.95000,7803
2018.05.17,00:00,22807.95000,22947.95000,22787.95000,22877.95000,7441
2018.05.18,00:00,22842.95000,22942.95000,22807.95000,22807.95000,7675
2018.05.21,00:00,22892.95000,23042.95000,22892.95000,23022.95000,5317
2018.05.22,00:00,23002.95000,23017.95000,22907.95000,22917.95000,4625
2018.05.23,00:00,22899.95000,22942.95000,22472.95000,22602.95000,13246
2018.05.24,00:00,22562.95000,22632.95000,22067.95000,22282.95000,12415
2018.05.25,00:00,22271.95000,22507.95000,22252.95000,22342.95000,12621
2018.05.28,00:00,22452.95000,22537.95000,22346.95000,22412.95000,6207
2018.05.29,00:00,22407.95000,22447.95000,21912.95000,22037.95000,23209
2018.05.30,00:00,22032.95000,22266.95000,21916.95000,22252.95000,15690
2018.05.31,00:00,22252.95000,22262.95000,22007.95000,22097.95000,16743
2018.06.01,00:00,22056.95000,22372.95000,22056.95000,22367.95000,11769
2018.06.04,00:00,22291.95000,22560.95000,22226.95000,22551.95000,6639
2018.06.05,00:00,22511.95000,22591.95000,22436.95000,22531.95000,8144
2018.06.06,00:00,22506.95000,22756.95000,22496.95000,22749.95000,7896
2018.06.07,00:00,22759.95000,22864.95000,22624.95000,22694.95000,9960
2018.06.08,00:00,22687.95000,22864.95000,22509.95000,22694.95000,11854
2018.06.11,00:00,22587.95000,22984.95000,22584.95000,22944.95000,7025
2018.06.12,00:00,22899.95000,23004.95000,22779.95000,22864.95000,10305
2018.06.13,00:00,22849.95000,22972.95000,22827.95000,22827.95000,7537
2018.06.14,00:00,22789.95000,22912.95000,22702.95000,22877.95000,9985
2018.06.15,00:00,22849.95000,22907.95000,22677.95000,22812.95000,12474
2018.06.18,00:00,22787.95000,22862.95000,22582.95000,22697.95000,6403
2018.06.19,00:00,22672.95000,22717.95000,22112.95000,22272.95000,14301
2018.06.20,00:00,22262.95000,22575.95000,22167.95000,22497.95000,11396
2018.06.21,00:00,22477.95000,22777.95000,22407.95000,22427.95000,16119
2018.06.22,00:00,22416.95000,22631.95000,22396.95000,22526.95000,11689
2018.06.25,00:00,22487.95000,22562.95000,22035.95000,22219.95000,20489
2018.06.26,00:00,22209.95000,22411.95000,22101.95000,22311.95000,17216
2018.06.27,00:00,22287.95000,22417.95000,22107.95000,22152.95000,25118
2018.06.28,00:00,22154.95000,22322.95000,22037.95000,22297.95000,23621
2018.06.29,00:00,22282.95000,22344.95000,22137.95000,22239.95000,16831
2018.07.02,00:00,22154.95000,22304.95000,21689.95000,21849.95000,17531
2018.07.03,00:00,21848.95000,21913.95000,21553.95000,21716.95000,17461
2018.07.04,00:00,21676.95000,21766.95000,21586.95000,21691.95000,8656
2018.07.05,00:00,21699.95000,21731.95000,21450.95000,21696.95000,16991
2018.07.06,00:00,21694.95000,21871.95000,21626.95000,21806.95000,16430
2018.07.09,00:00,21811.95000,22201.95000,21811.95000,22201.95000,10478
2018.07.10,00:00,22201.95000,22306.95000,22146.95000,22151.95000,10799
2018.07.11,00:00,22124.95000,22151.95000,21741.95000,22021.95000,21610
2018.07.12,00:00,21971.95000,22345.95000,21971.95000,22336.95000,13633
2018.07.13,00:00,22291.95000,22681.95000,22291.95000,22586.95000,13287
2018.07.16,00:00,22571.95000,22731.95000,22541.95000,22541.95000,4808
2018.07.17,00:00,22535.95000,22871.95000,22496.95000,22853.95000,14237
2018.07.18,00:00,22855.95000,22936.95000,22771.95000,22863.95000,11294
2018.07.19,00:00,22843.95000,22911.95000,22676.95000,22721.95000,12217
2018.07.20,00:00,22696.95000,22866.95000,22496.95000,22538.95000,18232
2018.07.23,00:00,22516.95000,22553.95000,22331.95000,22461.95000,14701
2018.07.24,00:00,22451.95000,22616.95000,22405.95000,22551.95000,13981
2018.07.25,00:00,22546.95000,22661.95000,22506.95000,22631.95000,13408
2018.07.26,00:00,22534.95000,22673.95000,22505.95000,22633.95000,14111
2018.07.27,00:00,22616.95000,22746.95000,22571.95000,22621.95000,12086
2018.07.30,00:00,22591.95000,22626.95000,22466.95000,22481.95000,12342
2018.07.31,00:00,22431.95000,22704.95000,22346.95000,22664.95000,16030
2018.08.01,00:00,22664.95000,22821.95000,22561.95000,22706.95000,12944
2018.08.02,00:00,22691.95000,22746.95000,22381.95000,22606.95000,13839
2018.08.03,00:00,22594.95000,22701.95000,22441.95000,22566.95000,11089
2018.08.06,00:00,22546.95000,22616.95000,22451.95000,22548.95000,8876
2018.08.07,00:00,22531.95000,22691.95000,22526.95000,22666.95000,5959
2018.08.08,00:00,22656.95000,22791.95000,22551.95000,22556.95000,7371
2018.08.09,00:00,22556.95000,22634.95000,22496.95000,22556.95000,6963
2018.08.10,00:00,22551.95000,22606.95000,22076.95000,22211.95000,17108
2018.08.13,00:00,22006.95000,22161.95000,21836.95000,22071.95000,20136
2018.08.14,00:00,22076.95000,22386.95000,22029.95000,22341.95000,15714
2018.08.15,00:00,22346.95000,22366.95000,21855.95000,22021.95000,21498
2018.08.16,00:00,22011.95000,22356.95000,21876.95000,22281.95000,18949
2018.08.17,00:00,22276.95000,22341.95000,22090.95000,22251.95000,16469
2018.08.20,00:00,22243.95000,22280.95000,22144.95000,22175.95000,12025
2018.08.21,00:00,22150.95000,22374.95000,22049.95000,22249.95000,9181
2018.08.22,00:00,22234.95000,22459.95000,22149.95000,22384.95000,11473
2018.08.23,00:00,22379.95000,22529.95000,22369.95000,22504.95000,10146
2018.08.24,00:00,22494.95000,22644.95000,22453.95000,22629.95000,7919
2018.08.27,00:00,22624.95000,22912.95000,22618.95000,22907.95000,5643
2018.08.28,00:00,22904.95000,22994.95000,22778.95000,22809.95000,7376
2018.08.29,00:00,22758.95000,23008.95000,22758.95000,23008.95000,8107
2018.08.30,00:00,23018.95000,23123.95000,22657.95000,22703.95000,13401
2018.08.31,00:00,22683.95000,22888.95000,22657.95000,22813.95000,12478
2018.09.03,00:00,22790.95000,22848.95000,22687.95000,22763.95000,7137
2018.09.04,00:00,22755.95000,22798.95000,22592.95000,22703.95000,17942
2018.09.05,00:00,22682.95000,22713.95000,22482.95000,22523.95000,18277
2018.09.06,00:00,22503.95000,22558.95000,22357.95000,22388.95000,19251
2018.09.07,00:00,22393.95000,22438.95000,22172.95000,22318.95000,22033
2018.09.10,00:00,22318.95000,22493.95000,22238.95000,22458.95000,15659
2018.09.11,00:00,22438.95000,22732.95000,22437.95000,22717.95000,12029
2018.09.12,00:00,22692.95000,22727.95000,22522.95000,22647.95000,14240
2018.09.13,00:00,22615.95000,23002.95000,22615.95000,22962.95000,12083
2018.09.14,00:00,22922.95000,23251.95000,22922.95000,23226.95000,10868
2018.09.17,00:00,23186.95000,23365.95000,23125.95000,23190.95000,9005
2018.09.18,00:00,23190.95000,23885.95000,23025.95000,23815.95000,16935
2018.09.19,00:00,23815.95000,23850.95000,23656.95000,23752.95000,12573
2018.09.20,00:00,23747.95000,23852.95000,23572.95000,23852.95000,12680
2018.09.21,00:00,23852.95000,23968.95000,23767.95000,23853.95000,11845
2018.09.24,00:00,23790.95000,23868.95000,23737.95000,23855.95000,9206
2018.09.25,00:00,23845.95000,24019.95000,23803.95000,23951.75000,9271
2018.09.26,00:00,23782.75000,24022.95000,23774.75000,23838.95000,11782
2018.09.27,00:00,23856.25000,24119.95000,23768.95000,24044.95000,15433
2018.09.28,00:00,24028.95000,24283.95000,23993.95000,24158.95000,17877
2018.10.01,00:00,24148.95000,24473.95000,24128.95000,24393.95000,12989
2018.10.02,00:00,24401.95000,24438.95000,24083.95000,24218.95000,20783
2018.10.03,00:00,24216.95000,24357.95000,24033.95000,24288.95000,14270
2018.10.04,00:00,24263.95000,24288.95000,23613.95000,23768.95000,24328
2018.10.05,00:00,23763.95000,23933.95000,23548.95000,23651.95000,24639
2018.10.08,00:00,23693.95000,23803.95000,23358.95000,23608.95000,18316
2018.10.09,00:00,23583.95000,23618.95000,23318.95000,23513.95000,24793
2018.10.10,00:00,23505.95000,23588.95000,22698.95000,22708.95000,34887
2018.10.11,00:00,22708.95000,22898.95000,22238.95000,22535.95000,71732
2018.10.12,00:00,22548.95000,22748.95000,22217.95000,22563.95000,47044
2018.10.15,00:00,22537.95000,22552.95000,22023.95000,22192.95000,34089
2018.10.16,00:00,22192.95000,22887.95000,22168.95000,22875.95000,26970
2018.10.17,00:00,22887.95000,22942.95000,22628.95000,22885.95000,28074
2018.10.18,00:00,22887.95000,22907.95000,22152.95000,22307.95000,36177
2018.10.19,00:00,22287.95000,22684.95000,22203.95000,22467.95000,37525
2018.10.22,00:00,22393.95000,22706.95000,22258.95000,22471.95000,40626
2018.10.23,00:00,22466.95000,22481.95000,21633.95000,22151.95000,52535
2018.10.24,00:00,22156.95000,22208.95000,21343.95000,21505.95000,58104
2018.10.25,00:00,21463.95000,21788.95000,21193.95000,21513.95000,55271
2018.10.26,00:00,21485.95000,21538.95000,20793.95000,21223.95000,75603
2018.10.29,00:00,21212.95000,21497.95000,20798.95000,21007.95000,54917
2018.10.30,00:00,21007.95000,21677.95000,20958.95000,21672.95000,57799
2018.10.31,00:00,21650.95000,21937.95000,21553.95000,21765.95000,37248
2018.11.01,00:00,21733.95000,21862.95000,21503.95000,21737.95000,37219
2018.11.02,00:00,21677.95000,22312.95000,21648.95000,21977.95000,49164
2018.11.05,00:00,21967.95000,22082.95000,21858.95000,21997.95000,32449
2018.11.06,00:00,22012.95000,22257.95000,21977.95000,22242.95000,26332
2018.11.07,00:00,22217.95000,22562.95000,21983.95000,22547.95000,35194
2018.11.08,00:00,22514.95000,22577.95000,22358.95000,22447.95000,24620
2018.11.09,00:00,22424.95000,22479.95000,22003.95000,22119.95000,29033
2018.11.12,00:00,22114.95000,22318.95000,21723.95000,21769.95000,30913
2018.11.13,00:00,21754.95000,21964.95000,21468.95000,21769.95000,39636
2018.11.14,00:00,21763.95000,21978.95000,21543.95000,21673.95000,36020
2018.11.15,00:00,21668.95000,21938.95000,21533.95000,21893.95000,39156
2018.11.16,00:00,21888.95000,21903.95000,21488.95000,21748.95000,30254
2018.11.19,00:00,21683.95000,21913.95000,21523.95000,21583.95000,34043
2018.11.20,00:00,21568.95000,21683.95000,21168.95000,21203.95000,42464
2018.11.21,00:00,21226.95000,21743.95000,21148.95000,21638.95000,28551
2018.11.22,00:00,21603.95000,21738.95000,21468.95000,21567.95000,13568
2018.11.23,00:00,21548.95000,21683.95000,21443.95000,21478.95000,15704
2018.11.26,00:00,21488.95000,22084.25000,21478.95000,21949.25000,23792
2018.11.27,00:00,21949.25000,22194.25000,21814.25000,22124.25000,30088
2018.11.28,00:00,22084.25000,22414.25000,22039.25000,22396.25000,20813
2018.11.29,00:00,22398.25000,22428.25000,22184.25000,22271.25000,21255
2018.11.30,00:00,22273.25000,22423.25000,22224.25000,22413.25000,16198
2018.12.03,00:00,22623.25000,22778.25000,22524.25000,22618.25000,25504
2018.12.04,00:00,22618.25000,22628.25000,21564.25000,21618.25000,36395
2018.12.05,00:00,21628.25000,21973.25000,21568.25000,21858.25000,14369
2018.12.06,00:00,21863.25000,21868.25000,21064.25000,21608.25000,63209
2018.12.07,00:00,21608.25000,21723.25000,21239.25000,21333.25000,49819
2018.12.10,00:00,21272.25000,21382.25000,20934.25000,21327.25000,41694
2018.12.11,00:00,21332.25000,21522.25000,21054.25000,21245.25000,35021
2018.12.12,00:00,21205.25000,21809.25000,21205.25000,21620.25000,40160
2018.12.13,00:00,21615.25000,21901.25000,21615.25000,21707.25000,32484
2018.12.14,00:00,21697.25000,21742.25000,21234.25000,21258.25000,33804
2018.12.17,00:00,21204.25000,21555.25000,20969.25000,21163.25000,36412
2018.12.18,00:00,21143.25000,21323.25000,20973.25000,20983.25000,36258
2018.12.19,00:00,20983.25000,21187.25000,20564.25000,20693.25000,43990
2018.12.20,00:00,20667.25000,20832.25000,20079.25000,20422.25000,53643
2018.12.21,00:00,20407.25000,20447.25000,19779.25000,19862.25000,52422
2018.12.24,00:00,19762.25000,19962.25000,19284.25000,19312.25000,29146
2018.12.26,00:00,19196.25000,20096.25000,18934.25000,20016.25000,53675
2018.12.27,00:00,20008.25000,20206.25000,19519.25000,20031.25000,60478
2018.12.28,00:00,20006.25000,20075.25000,19724.25000,19926.25000,49296
2018.12.31,00:00,19999.25000,20099.25000,19714.25000,19816.25000,17673
2019.01.02,00:00,19803.25000,19963.25000,19284.25000,19688.25000,37292
2019.01.03,00:00,19438.75000,19663.25000,19294.25000,19433.25000,41344
2019.01.04,00:00,19408.25000,20198.25000,19214.25000,20093.25000,55375
2019.01.07,00:00,20131.25000,20308.25000,19964.25000,20198.25000,42133
2019.01.08,00:00,20153.25000,20413.25000,20089.25000,20298.25000,36045
2019.01.09,00:00,20291.25000,20483.25000,20169.25000,20258.25000,34361
2019.01.10,00:00,20248.25000,20383.25000,20029.25000,20373.25000,32679
2019.01.11,00:00,20365.25000,20383.25000,20184.25000,20293.25000,25061
2019.01.14,00:00,20190.25000,20258.25000,19979.25000,20123.25000,17168
2019.01.15,00:00,20119.25000,20573.25000,20119.25000,20543.25000,31343
2019.01.16,00:00,20518.25000,20588.25000,20309.25000,20513.25000,21746
2019.01.17,00:00,20473.25000,20618.25000,20194.25000,20525.25000,28136
2019.01.18,00:00,20522.25000,20967.25000,20444.25000,20962.25000,22369
2019.01.21,00:00,20902.25000,20942.25000,20664.25000,20732.25000,11564
2019.01.22,00:00,20717.25000,20802.25000,20339.25000,20446.25000,26318
2019.01.23,00:00,20416.25000,20724.25000,20409.25000,20559.25000,27013
2019.01.24,00:00,20544.25000,20644.25000,20434.25000,20604.25000,25551
2019.01.25,00:00,20584.25000,20899.25000,20549.25000,20834.25000,19702
2019.01.28,00:00,20789.25000,20839.25000,20464.25000,20571.25000,20319
2019.01.29,00:00,20549.25000,20749.25000,20394.25000,20679.25000,22044
2019.01.30,00:00,20692.25000,20844.25000,20514.25000,20814.25000,21469
2019.01.31,00:00,20791.25000,20889.25000,20629.25000,20834.25000,23089
2019.02.01,00:00,20834.25000,20919.25000,20719.25000,20807.25000,22240
2019.02.04,00:00,20759.25000,20912.25000,20749.25000,20892.25000,15249
2019.02.05,00:00,20892.25000,20972.25000,20809.25000,20942.25000,12083
2019.02.06,00:00,20922.25000,20962.25000,20819.25000,20872.25000,13307
2019.02.07,00:00,20857.25000,20902.25000,20454.25000,20537.25000,24241
2019.02.08,00:00,20532.25000,20552.25000,20174.25000,20342.25000,21119
2019.02.11,00:00,20329.25000,20486.25000,20214.25000,20450.25000,12976
2019.02.12,00:00,20435.25000,20970.45000,20400.45000,20920.45000,13021
2019.02.13,00:00,20935.34000,21205.35000,20910.34000,21122.85000,13578
2019.02.14,00:00,21105.31000,21245.31000,20950.31000,20980.31000,20159
2019.02.15,00:00,20975.28000,21245.28000,20825.28000,21230.28000,19176
2019.02.18,00:00,21202.67000,21330.17000,21180.17000,21250.17000,8997
2019.02.19,00:00,21245.10000,21410.10000,21210.10000,21325.10000,13545
2019.02.20,00:00,21316.69000,21490.03000,21303.36000,21420.03000,20522
2019.02.21,00:00,21416.65000,21549.98000,21304.98000,21354.98000,22737
2019.02.22,00:00,21333.26000,21504.92000,21324.92000,21449.92000,17398
