2014.04.16,00:00,1854.80000,1855.50000,1854.80000,1855.50000,61
2014.04.17,00:00,1855.50000,1869.70000,1853.50000,1864.20000,7613
2014.04.20,00:00,1867.90000,1868.70000,1865.70000,1867.90000,93
2014.04.21,00:00,1867.90000,1871.50000,1862.50000,1870.70000,2583
2014.04.22,00:00,1870.50000,1884.30000,1866.70000,1879.20000,5136
2014.04.23,00:00,1879.20000,1885.50000,1873.40000,1884.70000,6547
2014.04.24,00:00,1884.50000,1888.20000,1869.80000,1878.30000,9058
2014.04.25,00:00,1878.30000,1879.60000,1859.10000,1863.70000,9706
2014.04.29,00:00,1876.70000,1881.10000,1874.00000,1875.40000,2892
2014.04.30,00:00,1875.10000,1885.80000,1872.10000,1884.80000,9402
2014.05.01,00:00,1885.00000,1888.30000,1877.30000,1884.10000,3729
2014.05.02,00:00,1884.40000,1891.10000,1878.20000,1881.00000,8646
2014.05.05,00:00,1880.50000,1885.50000,1866.60000,1884.00000,5900
2014.05.06,00:00,1882.80000,1887.00000,1867.60000,1870.60000,7281
2014.05.07,00:00,1868.60000,1876.90000,1860.10000,1873.20000,9429
2014.05.08,00:00,1878.70000,1880.40000,1875.70000,1878.90000,756
2014.06.19,00:00,1957.80000,1959.50000,1951.60000,1956.40000,3664
2014.06.20,00:00,1956.10000,1964.10000,1954.40000,1961.10000,3242
2014.06.22,00:00,1962.50000,1962.50000,1962.50000,1962.50000,1
2014.06.23,00:00,1961.60000,1966.70000,1957.60000,1959.50000,4100
2014.06.24,00:00,1957.90000,1967.50000,1949.00000,1949.90000,3786
2014.06.25,00:00,1950.10000,1959.10000,1945.40000,1955.90000,5541
2014.06.26,00:00,1955.40000,1959.80000,1944.50000,1956.20000,5822
2014.06.27,00:00,1955.50000,1957.00000,1950.10000,1954.60000,4618
2014.06.29,00:00,1957.50000,1957.50000,1957.50000,1957.50000,1
2014.06.30,00:00,1958.10000,1963.20000,1955.50000,1958.20000,4296
2014.07.01,00:00,1957.70000,1978.60000,1957.70000,1972.20000,3850
2014.07.02,00:00,1972.40000,1976.80000,1971.60000,1974.20000,3725
2014.07.03,00:00,1974.40000,1985.10000,1973.10000,1984.60000,3244
2014.07.04,00:00,1982.70000,1984.30000,1981.60000,1982.70000,573
2014.07.07,00:00,1981.60000,1984.40000,1974.50000,1976.50000,3188
2014.07.08,00:00,1976.80000,1977.00000,1959.30000,1966.50000,5744
2014.07.09,00:00,1965.80000,1974.50000,1964.70000,1974.00000,4825
2014.07.10,00:00,1973.30000,1974.50000,1951.80000,1963.30000,7353
2014.07.11,00:00,1962.30000,1969.80000,1959.50000,1965.80000,4818
2014.07.13,00:00,1968.80000,1968.80000,1968.80000,1968.80000,1
2014.07.14,00:00,1967.70000,1980.00000,1964.60000,1977.30000,3595
2014.07.15,00:00,1976.50000,1982.60000,1964.90000,1974.30000,5825
2014.07.16,00:00,1973.60000,1983.80000,1972.60000,1978.10000,4732
2014.07.17,00:00,1976.90000,1981.90000,1954.40000,1954.90000,7457
2014.07.18,00:00,1953.70000,1975.20000,1948.40000,1974.90000,6284
2014.07.20,00:00,1976.80000,1976.80000,1976.80000,1976.80000,1
2014.07.21,00:00,1976.00000,1979.80000,1965.50000,1971.40000,6036
2014.07.22,00:00,1970.20000,1986.00000,1970.20000,1977.90000,5062
2014.07.23,00:00,1978.50000,1989.00000,1976.80000,1986.80000,4054
2014.07.24,00:00,1985.80000,1991.40000,1982.50000,1985.00000,5336
2014.07.25,00:00,1984.10000,1986.30000,1973.80000,1976.80000,4937
2014.07.28,00:00,1975.30000,1981.50000,1966.70000,1977.80000,6675
2014.07.29,00:00,1976.80000,1984.90000,1967.80000,1970.30000,5994
2014.07.30,00:00,1968.40000,1979.40000,1961.90000,1970.40000,8074
2014.07.31,00:00,1969.30000,1970.50000,1928.90000,1929.60000,10284
2014.08.01,00:00,1928.70000,1937.50000,1915.70000,1930.20000,12623
2014.08.03,00:00,1923.70000,1923.70000,1923.70000,1923.70000,1
2014.08.04,00:00,1921.80000,1940.60000,1920.10000,1937.10000,7298
2014.08.05,00:00,1935.70000,1938.20000,1912.70000,1918.90000,9697
2014.08.06,00:00,1917.60000,1927.80000,1907.60000,1919.60000,9575
2014.08.07,00:00,1917.90000,1929.90000,1904.00000,1908.30000,11357
2014.08.08,00:00,1908.30000,1928.30000,1894.50000,1926.30000,13150
2014.08.10,00:00,1928.00000,1928.00000,1928.00000,1928.00000,1
2014.08.11,00:00,1926.60000,1944.50000,1926.30000,1937.10000,6130
2014.08.12,00:00,1935.90000,1942.10000,1927.40000,1936.10000,6434
2014.08.13,00:00,1934.90000,1949.60000,1934.10000,1949.40000,5461
2014.08.14,00:00,1948.30000,1957.60000,1945.30000,1957.10000,5154
2014.08.15,00:00,1956.40000,1963.80000,1940.10000,1947.80000,7910
2014.08.17,00:00,1955.30000,1955.30000,1955.30000,1955.30000,1
2014.08.18,00:00,1955.50000,1971.60000,1955.30000,1971.50000,4427
2014.08.19,00:00,1970.10000,1982.10000,1970.10000,1979.70000,3317
2014.08.20,00:00,1979.00000,1988.00000,1975.50000,1985.50000,4100
2014.08.21,00:00,1984.70000,1994.10000,1982.90000,1992.00000,4398
2014.08.22,00:00,1990.90000,1993.50000,1984.00000,1989.80000,6051
2014.08.25,00:00,1988.90000,2001.50000,1988.90000,1996.60000,3043
2014.08.26,00:00,1995.60000,2004.60000,1994.30000,2000.60000,3711
2014.08.27,00:00,1999.20000,2001.90000,1995.20000,1998.40000,3100
2014.08.28,00:00,1997.00000,2000.00000,1989.00000,2000.00000,5594
2014.08.29,00:00,1999.30000,2004.80000,1993.50000,2000.00000,4115
2014.09.01,00:00,1999.10000,2002.70000,1995.20000,2002.00000,1585
2014.09.02,00:00,1999.80000,2007.70000,1994.50000,2002.20000,6718
2014.09.03,00:00,2001.10000,2012.00000,1997.50000,1999.50000,9408
2014.09.04,00:00,1999.30000,2011.00000,1991.80000,2000.70000,10315
2014.09.05,00:00,1999.70000,2005.20000,1989.40000,2004.40000,11779
2014.09.07,00:00,2007.90000,2007.90000,2007.90000,2007.90000,1
2014.09.08,00:00,2007.50000,2007.50000,1994.90000,2002.10000,6025
2014.09.09,00:00,2001.20000,2003.60000,1983.90000,1990.10000,9873
2014.09.10,00:00,1989.10000,1996.80000,1982.00000,1996.00000,8333
2014.09.11,00:00,1994.60000,1999.30000,1985.30000,1999.30000,8166
2014.09.12,00:00,1998.10000,1999.30000,1980.90000,1984.70000,6071
2014.09.14,00:00,1984.20000,1984.20000,1984.20000,1984.20000,1
2014.09.15,00:00,1982.70000,1986.90000,1975.70000,1984.70000,8837
2014.09.16,00:00,1984.00000,2002.30000,1978.40000,1999.70000,7555
2014.09.17,00:00,1998.60000,2010.70000,1991.60000,2001.80000,10288
2014.09.18,00:00,2001.90000,2014.50000,2001.20000,2014.20000,6456
2014.09.19,00:00,2012.80000,2022.20000,2006.10000,2009.90000,10383
2014.09.21,00:00,2009.10000,2009.10000,2009.10000,2009.10000,1
2014.09.22,00:00,2007.40000,2010.80000,1991.00000,1992.70000,10265
2014.09.23,00:00,1991.80000,1995.80000,1976.20000,1976.70000,10779
2014.09.24,00:00,1975.50000,1999.90000,1975.30000,1998.20000,9597
2014.09.25,00:00,1997.50000,1998.90000,1965.30000,1968.30000,13387
2014.09.26,00:00,1967.90000,1980.10000,1964.10000,1979.10000,11618
2014.09.28,00:00,1983.30000,1983.30000,1983.30000,1983.30000,1
2014.09.29,00:00,1981.20000,1984.60000,1963.20000,1975.70000,13265
2014.09.30,00:00,1974.90000,1985.60000,1968.30000,1969.10000,13312
2014.10.01,00:00,1967.70000,1974.10000,1941.10000,1948.90000,15508
2014.10.02,00:00,1947.20000,1952.70000,1924.90000,1945.30000,20012
2014.10.03,00:00,1944.40000,1970.10000,1942.60000,1969.30000,9491
2014.10.06,00:00,1965.80000,1977.70000,1957.60000,1961.20000,16295
2014.10.07,00:00,1959.80000,1963.10000,1931.50000,1932.00000,14705
2014.10.08,00:00,1930.00000,1969.60000,1924.50000,1969.20000,16306
2014.10.09,00:00,1967.80000,1974.50000,1920.90000,1924.40000,21804
2014.10.10,00:00,1922.80000,1937.30000,1912.80000,1925.50000,22216
2014.10.12,00:00,1900.30000,1900.30000,1900.30000,1900.30000,1
2014.10.13,00:00,1899.20000,1912.10000,1870.90000,1871.40000,23643
2014.10.14,00:00,1870.10000,1898.90000,1869.80000,1883.80000,24390
2014.10.15,00:00,1883.10000,1889.30000,1819.50000,1851.30000,41425
2014.10.16,00:00,1851.30000,1875.80000,1821.50000,1856.80000,51920
2014.10.17,00:00,1856.30000,1897.70000,1856.10000,1879.90000,23903
2014.10.20,00:00,1885.20000,1908.50000,1878.50000,1907.80000,23244
2014.10.21,00:00,1906.80000,1945.50000,1892.20000,1945.30000,20867
2014.10.22,00:00,1945.10000,1949.40000,1927.30000,1930.70000,20119
2014.10.23,00:00,1929.70000,1961.80000,1928.40000,1952.30000,19150
2014.10.24,00:00,1951.90000,1963.00000,1937.80000,1959.60000,19912
2014.10.27,00:00,1966.00000,1971.70000,1950.60000,1963.40000,17614
2014.10.28,00:00,1962.70000,1986.40000,1962.40000,1985.00000,13134
2014.10.29,00:00,1984.30000,1991.40000,1969.70000,1977.50000,15476
2014.10.30,00:00,1977.50000,1999.30000,1964.70000,1994.60000,19135
2014.10.31,00:00,1993.60000,2022.00000,1992.30000,2013.80000,15739
2014.11.03,00:00,2013.80000,2024.80000,2012.80000,2016.30000,15037
2014.11.04,00:00,2015.80000,2019.30000,2000.80000,2011.50000,16840
2014.11.05,00:00,2011.10000,2025.30000,2008.80000,2023.30000,17115
2014.11.06,00:00,2023.40000,2033.50000,2014.80000,2033.20000,15369
2014.11.07,00:00,2033.30000,2037.40000,2024.90000,2032.90000,12219
2014.11.10,00:00,2029.40000,2039.10000,2025.10000,2038.50000,9538
2014.11.11,00:00,2038.00000,2043.00000,2035.30000,2040.50000,7012
2014.11.12,00:00,2039.90000,2040.60000,2030.10000,2038.90000,16745
2014.11.13,00:00,2037.40000,2047.20000,2030.40000,2037.40000,16964
2014.11.14,00:00,2036.70000,2043.10000,2035.30000,2037.80000,17836
2014.11.17,00:00,2041.80000,2043.70000,2028.70000,2043.00000,18289
2014.11.18,00:00,2042.20000,2057.00000,2038.70000,2051.50000,14300
2014.11.19,00:00,2050.60000,2053.20000,2040.70000,2050.00000,14200
2014.11.20,00:00,2049.20000,2055.50000,2037.70000,2055.20000,14018
2014.11.21,00:00,2054.90000,2075.00000,2052.70000,2062.20000,15835
2014.11.24,00:00,2063.80000,2071.70000,2063.70000,2070.50000,10717
2014.11.25,00:00,2069.60000,2075.60000,2065.60000,2071.10000,12468
2014.11.26,00:00,2069.40000,2077.70000,2067.40000,2076.90000,9684
2014.11.27,00:00,2076.20000,2077.20000,2070.90000,2076.70000,3152
2014.11.28,00:00,2073.70000,2075.60000,2066.10000,2069.10000,9709
2014.12.01,00:00,2063.40000,2066.20000,2050.70000,2053.00000,20335
2014.12.02,00:00,2052.70000,2070.50000,2052.30000,2068.70000,15823
2014.12.03,00:00,2068.50000,2076.50000,2065.00000,2074.50000,7663
2014.12.04,00:00,2074.00000,2079.00000,2063.20000,2073.20000,11513
2014.12.05,00:00,2073.70000,2080.70000,2070.00000,2078.00000,7214
2014.12.08,00:00,2077.20000,2079.00000,2055.80000,2062.30000,9246
2014.12.09,00:00,2061.70000,2063.80000,2035.00000,2059.80000,15104
2014.12.10,00:00,2059.00000,2061.50000,2025.00000,2028.00000,16187
2014.12.11,00:00,2026.10000,2057.30000,2024.80000,2028.10000,16007
2014.12.12,00:00,2027.90000,2032.90000,2012.60000,2022.60000,24950
2014.12.15,00:00,1999.20000,2019.70000,1982.20000,1989.70000,28257
2014.12.16,00:00,1991.20000,2018.90000,1968.20000,1974.80000,43241
2014.12.17,00:00,1973.80000,2016.80000,1973.30000,2015.20000,37592
2014.12.18,00:00,2015.70000,2069.40000,2012.20000,2068.90000,23695
2014.12.19,00:00,2068.30000,2080.40000,2063.90000,2073.40000,18373
2014.12.22,00:00,2069.70000,2082.70000,2069.70000,2079.00000,11486
2014.12.23,00:00,2079.50000,2091.20000,2078.20000,2086.20000,9068
2014.12.24,00:00,2084.90000,2090.50000,2084.00000,2085.30000,3534
2014.12.29,00:00,2089.10000,2095.60000,2083.00000,2094.80000,8508
2014.12.30,00:00,2093.80000,2095.30000,2079.50000,2083.60000,8274
2014.12.31,00:00,2082.60000,2089.40000,2057.60000,2058.30000,6101
2015.01.02,00:00,2059.10000,2073.80000,2045.50000,2052.80000,14903
2015.01.05,00:00,2052.20000,2054.80000,2016.70000,2025.20000,21386
2015.01.06,00:00,2024.90000,2030.20000,1991.20000,2001.70000,27868
2015.01.07,00:00,2001.10000,2030.10000,2000.70000,2026.90000,23259
2015.01.08,00:00,2026.10000,2064.90000,2025.70000,2059.70000,16903
2015.01.09,00:00,2059.00000,2068.40000,2037.60000,2046.60000,20033
2015.01.12,00:00,2038.80000,2054.30000,2021.30000,2029.70000,20245
2015.01.13,00:00,2029.20000,2057.80000,2007.20000,2024.70000,23176
2015.01.14,00:00,2024.40000,2025.40000,1986.70000,2016.50000,35307
2015.01.15,00:00,2016.00000,2032.90000,1989.80000,1989.80000,49563
2015.01.16,00:00,1987.50000,2012.20000,1976.50000,2007.70000,30128
2015.01.19,00:00,2019.20000,2029.70000,2008.80000,2014.30000,11630
2015.01.20,00:00,2015.00000,2032.10000,2003.30000,2021.20000,22671
2015.01.21,00:00,2021.40000,2038.40000,2011.20000,2032.60000,24365
2015.01.22,00:00,2032.40000,2064.50000,2024.80000,2063.40000,28211
2015.01.23,00:00,2062.80000,2068.10000,2052.10000,2059.90000,17722
2015.01.26,00:00,2047.90000,2060.40000,2031.10000,2060.10000,18537
2015.01.27,00:00,2059.90000,2060.40000,2019.10000,2043.30000,22154
2015.01.28,00:00,2042.00000,2052.00000,1996.30000,2000.00000,28594
2015.01.29,00:00,1998.80000,2025.50000,1987.80000,2024.50000,29955
2015.01.30,00:00,2024.30000,2026.00000,1999.00000,2013.50000,26497
2015.02.02,00:00,1993.80000,2024.30000,1979.50000,2021.30000,31184
2015.02.03,00:00,2020.80000,2049.80000,2013.10000,2047.10000,26066
2015.02.04,00:00,2046.00000,2053.00000,2028.20000,2030.20000,22411
2015.02.05,00:00,2029.30000,2062.10000,2025.80000,2061.60000,23520
2015.02.06,00:00,2060.50000,2072.20000,2057.00000,2061.20000,18485
2015.02.09,00:00,2056.60000,2058.60000,2041.00000,2047.20000,22637
2015.02.10,00:00,2047.00000,2069.40000,2044.90000,2067.10000,20588
2015.02.11,00:00,2065.80000,2082.60000,2056.60000,2077.60000,18732
2015.02.12,00:00,2077.20000,2088.20000,2061.70000,2085.90000,19771
2015.02.13,00:00,2085.20000,2094.50000,2084.50000,2088.70000,11247
2015.02.16,00:00,2096.40000,2096.50000,2086.50000,2089.20000,3625
2015.02.17,00:00,2085.10000,2101.20000,2081.40000,2100.10000,12284
2015.02.18,00:00,2099.60000,2100.80000,2090.90000,2097.80000,9971
2015.02.19,00:00,2097.00000,2101.50000,2089.50000,2098.50000,10475
2015.02.20,00:00,2097.40000,2106.70000,2084.50000,2105.20000,14430
2015.02.23,00:00,2108.20000,2109.90000,2101.60000,2108.60000,9066
2015.02.24,00:00,2107.40000,2116.40000,2104.40000,2115.90000,9561
2015.02.25,00:00,2114.80000,2118.90000,2108.90000,2112.40000,7470
2015.02.26,00:00,2111.80000,2116.00000,2102.80000,2111.00000,8400
2015.02.27,00:00,2110.50000,2112.00000,2104.50000,2108.00000,6728
2015.03.02,00:00,2104.70000,2116.20000,2101.70000,2115.40000,6590
2015.03.03,00:00,2114.40000,2115.70000,2096.70000,2105.90000,8207
2015.03.04,00:00,2105.60000,2106.60000,2086.30000,2097.10000,9796
2015.03.05,00:00,2096.40000,2104.10000,2093.60000,2100.40000,8465
2015.03.06,00:00,2099.80000,2103.60000,2071.10000,2076.60000,9947
2015.03.08,00:00,2071.30000,2072.00000,2071.30000,2072.00000,2
2015.03.09,00:00,2073.30000,2082.90000,2066.50000,2078.40000,8403
2015.03.10,00:00,2077.90000,2078.40000,2041.70000,2044.00000,12775
2015.03.11,00:00,2044.10000,2052.60000,2038.90000,2042.70000,11171
2015.03.12,00:00,2041.70000,2065.60000,2038.40000,2065.10000,10012
2015.03.13,00:00,2064.60000,2068.70000,2040.20000,2043.60000,13261
2015.03.16,00:00,2049.70000,2081.10000,2044.60000,2075.60000,9102
2015.03.17,00:00,2074.80000,2077.30000,2063.60000,2073.60000,11140
2015.03.18,00:00,2073.30000,2107.10000,2059.80000,2100.10000,14563
2015.03.19,00:00,2099.90000,2106.50000,2084.10000,2088.10000,12564
2015.03.20,00:00,2087.90000,2114.90000,2085.60000,2112.90000,7707
2015.03.23,00:00,2106.90000,2115.20000,2101.70000,2103.50000,8589
2015.03.24,00:00,2102.80000,2109.00000,2089.50000,2093.30000,9499
2015.03.25,00:00,2092.90000,2097.40000,2060.40000,2063.30000,11599
2015.03.26,00:00,2063.00000,2067.00000,2041.50000,2058.00000,16621
2015.03.27,00:00,2057.20000,2065.50000,2049.20000,2058.00000,12367
2015.03.30,00:00,2059.00000,2089.40000,2055.60000,2082.10000,10921
2015.03.31,00:00,2081.90000,2084.20000,2063.90000,2066.20000,11951
2015.04.01,00:00,2065.20000,2068.20000,2041.50000,2061.40000,19929
2015.04.02,00:00,2060.10000,2071.90000,2050.90000,2067.30000,11721
2015.04.06,00:00,2045.90000,2087.10000,2045.90000,2079.60000,6953
2015.04.07,00:00,2079.10000,2089.90000,2069.50000,2075.40000,9366
2015.04.08,00:00,2074.20000,2086.50000,2070.60000,2083.10000,13442
2015.04.09,00:00,2083.10000,2093.00000,2073.60000,2091.20000,12029
2015.04.10,00:00,2091.90000,2101.50000,2086.00000,2101.50000,7041
2015.04.13,00:00,2101.60000,2107.80000,2091.70000,2093.20000,8886
2015.04.14,00:00,2093.20000,2099.30000,2082.40000,2097.50000,10619
2015.04.15,00:00,2097.50000,2112.10000,2094.00000,2107.50000,10072
2015.04.16,00:00,2107.50000,2111.30000,2095.50000,2107.30000,9358
2015.04.17,00:00,2107.00000,2108.30000,2072.50000,2073.30000,14558
2015.04.20,00:00,2081.90000,2104.10000,2081.90000,2097.30000,9812
2015.04.21,00:00,2096.30000,2111.90000,2093.80000,2098.30000,11653
2015.04.22,00:00,2097.80000,2110.10000,2086.70000,2105.80000,14904
2015.04.23,00:00,2105.50000,2120.80000,2094.10000,2113.80000,13535
2015.04.24,00:00,2113.60000,2121.10000,2109.60000,2118.80000,10301
2015.04.27,00:00,2117.60000,2126.10000,2108.10000,2109.80000,11958
2015.04.28,00:00,2110.60000,2118.80000,2094.40000,2118.30000,14701
2015.04.29,00:00,2117.80000,2118.80000,2096.80000,2104.40000,18101
2015.04.30,00:00,2104.20000,2107.90000,2076.40000,2088.40000,21592
2015.05.01,00:00,2088.20000,2105.60000,2086.70000,2104.50000,6545
2015.05.04,00:00,2107.20000,2120.90000,2104.20000,2115.30000,10507
2015.05.05,00:00,2115.30000,2117.60000,2087.60000,2091.30000,16732
2015.05.06,00:00,2090.10000,2098.90000,2066.90000,2080.10000,15483
2015.05.07,00:00,2079.10000,2092.90000,2061.60000,2088.40000,16488
2015.05.08,00:00,2088.30000,2118.00000,2088.30000,2113.80000,10716
2015.05.11,00:00,2111.20000,2117.60000,2099.90000,2101.10000,9114
2015.05.12,00:00,2100.50000,2105.00000,2083.50000,2099.80000,17865
2015.05.13,00:00,2099.10000,2109.90000,2096.30000,2100.00000,13774
2015.05.14,00:00,2099.70000,2121.80000,2095.70000,2121.50000,9432
2015.05.15,00:00,2121.00000,2126.30000,2116.50000,2119.00000,9163
2015.05.18,00:00,2122.50000,2132.20000,2115.40000,2130.20000,9147
2015.05.19,00:00,2129.30000,2137.00000,2124.50000,2127.30000,8613
2015.05.20,00:00,2127.10000,2135.10000,2122.30000,2124.60000,10301
2015.05.21,00:00,2123.80000,2133.30000,2117.80000,2131.30000,7608
2015.05.22,00:00,2131.30000,2133.50000,2125.80000,2129.50000,5756
2015.05.25,00:00,2126.30000,2129.50000,2121.00000,2125.00000,1437
2015.05.26,00:00,2123.90000,2127.00000,2098.50000,2108.00000,10163
2015.05.27,00:00,2107.70000,2125.70000,2103.70000,2122.20000,9391
2015.05.28,00:00,2121.90000,2124.60000,2112.60000,2124.30000,10911
2015.05.29,00:00,2123.80000,2124.60000,2104.10000,2111.80000,10809
2015.06.01,00:00,2106.70000,2119.40000,2102.10000,2112.60000,13881
2015.06.02,00:00,2112.00000,2117.50000,2095.00000,2108.50000,17153
2015.06.03,00:00,2107.80000,2121.90000,2106.90000,2117.10000,14444
2015.06.04,00:00,2116.60000,2117.60000,2092.70000,2100.10000,19361
2015.06.05,00:00,2100.20000,2103.70000,2084.70000,2095.40000,17299
2015.06.08,00:00,2091.70000,2094.40000,2077.50000,2080.80000,14897
2015.06.09,00:00,2080.60000,2085.60000,2068.60000,2081.80000,15575
2015.06.10,00:00,2080.50000,2108.60000,2080.30000,2107.40000,12394
2015.06.11,00:00,2106.40000,2115.00000,2103.70000,2110.20000,12267
2015.06.12,00:00,2110.40000,2110.60000,2090.60000,2093.60000,16613
2015.06.15,00:00,2092.20000,2092.20000,2071.80000,2083.90000,16228
2015.06.16,00:00,2082.90000,2098.40000,2070.40000,2097.90000,13616
2015.06.17,00:00,2097.40000,2107.20000,2086.80000,2096.70000,16557
2015.06.18,00:00,2096.40000,2127.50000,2090.00000,2122.70000,15411
2015.06.19,00:00,2122.50000,2126.00000,2113.50000,2115.00000,9379
2015.06.22,00:00,2104.80000,2130.20000,2104.80000,2123.20000,11473
2015.06.23,00:00,2123.10000,2128.60000,2119.50000,2125.00000,9324
2015.06.24,00:00,2125.50000,2126.50000,2106.60000,2109.00000,13801
2015.06.25,00:00,2108.90000,2120.90000,2100.50000,2101.90000,12308
2015.06.26,00:00,2102.20000,2108.70000,2094.40000,2098.30000,11897
2015.06.29,00:00,2070.90000,2092.30000,2055.70000,2061.00000,22672
2015.06.30,00:00,2059.70000,2076.20000,2054.70000,2064.50000,23519
2015.07.01,00:00,2062.40000,2084.90000,2062.40000,2079.20000,16337
2015.07.02,00:00,2078.40000,2086.30000,2069.80000,2076.40000,9818
2015.07.03,00:00,2075.90000,2079.40000,2070.90000,2072.40000,6475
2015.07.06,00:00,2046.30000,2077.70000,2043.10000,2074.70000,19771
2015.07.07,00:00,2074.40000,2085.40000,2043.00000,2080.60000,22554
2015.07.08,00:00,2080.70000,2081.20000,2043.50000,2045.90000,30188
2015.07.09,00:00,2045.70000,2074.70000,2044.90000,2048.80000,19040
2015.07.10,00:00,2048.30000,2079.30000,2047.00000,2076.90000,15213
2015.07.13,00:00,2064.50000,2101.50000,2060.90000,2100.50000,15606
2015.07.14,00:00,2100.70000,2112.30000,2097.10000,2109.80000,6779
2015.07.15,00:00,2109.30000,2114.60000,2102.10000,2111.30000,9231
2015.07.16,00:00,2112.60000,2125.20000,2109.80000,2123.50000,8091
2015.07.17,00:00,2123.70000,2126.10000,2119.80000,2122.30000,5369
2015.07.20,00:00,2125.60000,2133.10000,2123.40000,2128.50000,5064
2015.07.21,00:00,2128.70000,2131.70000,2113.40000,2114.90000,6932
2015.07.22,00:00,2113.90000,2118.40000,2108.90000,2116.80000,7747
2015.07.23,00:00,2116.00000,2120.10000,2098.10000,2107.60000,9057
2015.07.24,00:00,2107.60000,2110.30000,2080.00000,2080.70000,8279
2015.07.27,00:00,2086.00000,2087.00000,2063.00000,2070.70000,13641
2015.07.28,00:00,2070.20000,2094.60000,2067.90000,2094.60000,13392
2015.07.29,00:00,2094.10000,2110.40000,2090.60000,2106.10000,12959
2015.07.30,00:00,2106.40000,2110.30000,2093.90000,2109.50000,10793
2015.07.31,00:00,2109.00000,2115.40000,2103.40000,2106.90000,9518
2015.08.03,00:00,2104.80000,2108.70000,2086.50000,2097.70000,13236
2015.08.04,00:00,2097.00000,2102.50000,2087.70000,2090.20000,14450
2015.08.05,00:00,2088.60000,2112.50000,2087.90000,2099.90000,12305
2015.08.06,00:00,2099.10000,2104.10000,2075.40000,2084.90000,12620
2015.08.07,00:00,2083.80000,2087.60000,2067.50000,2070.40000,14285
2015.08.10,00:00,2076.20000,2106.00000,2076.20000,2105.50000,9860
2015.08.11,00:00,2104.40000,2106.20000,2075.50000,2085.00000,17601
2015.08.12,00:00,2084.20000,2089.20000,2050.90000,2087.60000,25916
2015.08.13,00:00,2086.60000,2096.70000,2077.00000,2084.90000,17314
2015.08.14,00:00,2083.50000,2089.40000,2077.70000,2088.40000,14136
2015.08.17,00:00,2092.40000,2103.90000,2078.20000,2102.20000,11952
2015.08.18,00:00,2101.80000,2106.30000,2093.50000,2096.30000,12937
2015.08.19,00:00,2096.40000,2100.90000,2069.50000,2076.40000,20366
2015.08.20,00:00,2076.40000,2080.90000,2027.20000,2028.80000,25795
2015.08.21,00:00,2028.10000,2031.60000,1987.90000,2001.10000,35187
2015.08.24,00:00,1973.80000,1973.80000,1832.50000,1876.50000,106104
2015.08.25,00:00,1874.80000,1950.80000,1862.90000,1872.50000,91413
2015.08.26,00:00,1872.80000,1945.20000,1852.60000,1939.40000,104614
2015.08.27,00:00,1939.60000,1992.20000,1936.90000,1990.90000,76109
2015.08.28,00:00,1989.80000,1994.60000,1969.30000,1981.40000,56085
2015.08.31,00:00,1987.50000,1987.90000,1960.90000,1967.10000,40556
2015.09.01,00:00,1967.00000,1967.80000,1905.10000,1914.40000,57819
2015.09.02,00:00,1914.60000,1950.00000,1908.60000,1949.00000,51409
2015.09.03,00:00,1949.10000,1974.40000,1945.50000,1948.20000,33619
2015.09.04,00:00,1947.70000,1949.90000,1911.70000,1914.00000,56426
2015.09.07,00:00,1920.60000,1945.00000,1916.00000,1931.30000,28220
2015.09.08,00:00,1932.30000,1969.00000,1930.30000,1966.70000,35584
2015.09.09,00:00,1966.10000,1992.30000,1939.30000,1943.10000,44584
2015.09.10,00:00,1942.80000,1967.30000,1929.10000,1951.20000,56170
2015.09.11,00:00,1951.00000,1958.70000,1937.20000,1947.50000,33443
2015.09.14,00:00,1957.80000,1973.50000,1946.50000,1953.10000,29475
2015.09.15,00:00,1952.10000,1982.30000,1944.30000,1980.10000,24485
2015.09.16,00:00,1979.80000,1998.10000,1972.00000,1996.30000,16087
2015.09.17,00:00,1995.20000,2020.10000,1980.70000,1985.10000,27360
2015.09.18,00:00,1985.30000,1991.60000,1953.50000,1960.90000,42066
2015.09.21,00:00,1958.30000,1977.60000,1947.50000,1972.70000,22857
2015.09.22,00:00,1971.50000,1973.70000,1926.60000,1938.90000,25867
2015.09.23,00:00,1938.00000,1950.60000,1919.40000,1940.80000,28137
2015.09.24,00:00,1939.80000,1945.30000,1906.70000,1929.00000,36713
2015.09.25,00:00,1927.80000,1959.50000,1923.30000,1943.80000,27574
2015.09.28,00:00,1922.70000,1938.00000,1877.50000,1883.30000,30138
2015.09.29,00:00,1882.50000,1898.10000,1869.70000,1882.60000,38509
2015.09.30,00:00,1881.90000,1917.50000,1879.60000,1911.00000,32631
2015.10.01,00:00,1910.00000,1937.50000,1898.60000,1925.40000,50563
2015.10.02,00:00,1924.70000,1935.50000,1891.40000,1928.50000,30536
2015.10.05,00:00,1950.10000,1987.20000,1945.50000,1983.10000,20679
2015.10.06,00:00,1982.20000,1990.10000,1970.60000,1972.70000,24308
2015.10.07,00:00,1970.70000,1998.30000,1965.70000,1995.60000,26107
2015.10.08,00:00,1995.00000,2016.00000,1979.00000,2013.00000,19885
2015.10.09,00:00,2012.00000,2020.90000,2006.10000,2009.90000,15770
2015.10.12,00:00,2013.00000,2021.00000,2009.00000,2019.70000,12339
2015.10.13,00:00,2018.60000,2021.90000,1998.70000,1999.50000,14332
2015.10.14,00:00,1998.60000,2008.70000,1989.90000,1992.40000,15985
2015.10.15,00:00,1991.30000,2026.40000,1991.30000,2025.90000,17263
2015.10.16,00:00,2025.00000,2030.70000,2019.70000,2022.40000,12022
2015.10.19,00:00,2032.30000,2034.90000,2021.70000,2034.20000,13398
2015.10.20,00:00,2033.50000,2038.40000,2025.80000,2026.80000,13050
2015.10.21,00:00,2025.60000,2040.50000,2014.10000,2016.90000,14565
2015.10.22,00:00,2016.50000,2062.20000,2015.20000,2062.20000,14968
2015.10.23,00:00,2061.50000,2080.70000,2059.60000,2072.40000,16844
2015.10.26,00:00,2071.50000,2074.40000,2064.20000,2069.90000,12066
2015.10.27,00:00,2068.50000,2070.90000,2057.90000,2069.90000,12625
2015.10.28,00:00,2068.90000,2091.70000,2062.20000,2088.20000,17058
2015.10.29,00:00,2086.90000,2091.10000,2079.60000,2090.90000,12614
2015.10.30,00:00,2089.90000,2101.10000,2084.10000,2092.10000,13402
2015.11.02,00:00,2078.30000,2106.20000,2070.80000,2099.70000,17178
2015.11.03,00:00,2100.50000,2116.50000,2095.60000,2109.00000,9966
2015.11.04,00:00,2107.20000,2115.30000,2096.30000,2101.90000,13760
2015.11.05,00:00,2100.50000,2109.90000,2089.50000,2100.80000,15597
2015.11.06,00:00,2099.30000,2103.80000,2082.80000,2096.00000,16866
2015.11.09,00:00,2097.40000,2102.40000,2066.80000,2076.90000,21157
2015.11.10,00:00,2075.80000,2083.30000,2069.10000,2081.60000,14098
2015.11.11,00:00,2080.40000,2091.60000,2072.30000,2073.30000,11294
2015.11.12,00:00,2071.80000,2081.50000,2043.80000,2044.50000,17944
2015.11.13,00:00,2043.50000,2049.90000,2025.40000,2029.40000,17659
2015.11.16,00:00,2004.40000,2054.30000,2002.30000,2052.80000,21200
2015.11.17,00:00,2051.10000,2067.20000,2045.50000,2053.90000,16680
2015.11.18,00:00,2052.70000,2085.30000,2047.10000,2082.50000,16316
2015.11.19,00:00,2082.20000,2093.10000,2079.30000,2083.00000,11450
2015.11.20,00:00,2081.70000,2097.90000,2079.40000,2090.60000,9264
2015.11.23,00:00,2091.30000,2096.50000,2081.50000,2086.70000,9820
2015.11.24,00:00,2085.80000,2094.70000,2069.70000,2087.50000,13950
2015.11.25,00:00,2086.00000,2095.40000,2085.40000,2091.40000,24036
2015.11.26,00:00,2091.20000,2100.15000,2090.35000,2097.65000,7381
2015.11.27,00:00,2097.35000,2097.85000,2083.65000,2090.35000,22135
2015.11.30,00:00,2092.75000,2096.35000,2080.15000,2086.85000,28796
2015.12.01,00:00,2086.95000,2102.85000,2085.15000,2101.15000,34187
2015.12.02,00:00,2100.85000,2105.85000,2076.05000,2084.35000,42091
2015.12.03,00:00,2084.65000,2096.25000,2041.05000,2054.85000,86778
2015.12.04,00:00,2054.45000,2093.85000,2047.95000,2089.55000,68340
2015.12.07,00:00,2093.15000,2095.75000,2065.15000,2081.85000,26723
2015.12.08,00:00,2081.45000,2081.85000,2050.85000,2060.85000,28492
2015.12.09,00:00,2060.75000,2080.25000,2034.65000,2045.75000,33399
2015.12.10,00:00,2045.75000,2067.45000,2044.35000,2051.15000,26439
2015.12.11,00:00,2050.95000,2056.45000,2007.85000,2010.05000,24351
2015.12.14,00:00,2010.35000,2028.65000,1992.85000,2021.25000,80579
2015.12.15,00:00,2020.75000,2054.15000,2018.95000,2045.95000,54152
2015.12.16,00:00,2046.25000,2076.45000,2039.65000,2067.75000,76573
2015.12.17,00:00,2067.75000,2081.85000,2031.85000,2032.45000,55290
2015.12.18,00:00,2031.95000,2038.65000,2000.15000,2000.95000,83219
2015.12.21,00:00,2006.35000,2028.35000,2004.35000,2027.25000,56510
2015.12.22,00:00,2027.15000,2045.35000,2016.35000,2042.85000,50917
2015.12.23,00:00,2042.65000,2066.65000,2039.85000,2062.15000,40007
2015.12.24,00:00,2061.85000,2067.85000,2057.15000,2060.15000,12073
2015.12.28,00:00,2059.15000,2062.45000,2043.35000,2058.15000,29218
2015.12.29,00:00,2057.95000,2082.35000,2055.35000,2080.65000,28804
2015.12.30,00:00,2080.45000,2081.85000,2060.65000,2062.85000,28878
2015.12.31,00:00,2063.15000,2064.65000,2044.15000,2057.35000,18180
2016.01.04,00:00,2044.65000,2050.25000,1987.15000,2017.85000,83885
2016.01.05,00:00,2018.15000,2025.35000,2000.85000,2017.85000,70883
2016.01.06,00:00,2017.75000,2020.65000,1978.15000,1994.15000,87535
2016.01.07,00:00,1994.35000,1998.35000,1936.15000,1941.45000,116030
2016.01.08,00:00,1941.75000,1972.25000,1917.65000,1919.25000,118578
2016.01.11,00:00,1916.65000,1936.35000,1900.15000,1920.65000,116833
2016.01.12,00:00,1919.95000,1947.65000,1906.65000,1930.35000,108363
2016.01.13,00:00,1930.15000,1954.15000,1885.35000,1890.85000,117900
2016.01.14,00:00,1890.65000,1934.85000,1878.65000,1919.85000,132868
2016.01.15,00:00,1919.45000,1927.75000,1856.35000,1881.95000,158160
2016.01.18,00:00,1876.45000,1896.85000,1866.85000,1878.95000,46996
2016.01.19,00:00,1878.95000,1914.35000,1863.35000,1878.85000,110173
2016.01.20,00:00,1878.75000,1885.35000,1810.65000,1858.65000,180570
2016.01.21,00:00,1860.65000,1889.65000,1842.85000,1867.85000,178302
2016.01.22,00:00,1866.95000,1908.65000,1862.15000,1905.15000,95337
2016.01.25,00:00,1906.30000,1910.70000,1873.80000,1878.20000,79992
2016.01.26,00:00,1878.20000,1906.40000,1857.80000,1894.90000,83909
2016.01.27,00:00,1894.50000,1916.40000,1871.20000,1884.70000,106791
2016.01.28,00:00,1884.00000,1908.90000,1872.40000,1888.00000,118599
2016.01.29,00:00,1888.20000,1939.30000,1883.70000,1935.90000,88638
2016.02.01,00:00,1937.20000,1946.70000,1918.90000,1935.20000,80106
2016.02.02,00:00,1935.00000,1935.80000,1895.70000,1902.90000,79942
2016.02.03,00:00,1902.70000,1918.70000,1871.70000,1914.90000,136500
2016.02.04,00:00,1914.50000,1927.70000,1895.80000,1911.30000,144716
2016.02.05,00:00,1911.00000,1919.90000,1871.30000,1880.70000,115665
2016.02.08,00:00,1882.05000,1889.80000,1827.47000,1856.97000,162139
2016.02.09,00:00,1856.50000,1869.30000,1831.47000,1851.93000,155708
2016.02.10,00:00,1851.50000,1882.05000,1843.05000,1847.18000,136351
2016.02.11,00:00,1846.50000,1851.55000,1807.30000,1830.30000,159544
2016.02.12,00:00,1829.50000,1864.68000,1827.05000,1862.50000,94065
2016.02.15,00:00,1869.30000,1893.42000,1869.05000,1888.23000,30843
2016.02.16,00:00,1887.80000,1896.17000,1873.85000,1892.42000,83235
2016.02.17,00:00,1892.50000,1931.18000,1885.10000,1931.18000,75205
2016.02.18,00:00,1931.25000,1937.05000,1914.93000,1921.67000,74344
2016.02.19,00:00,1921.75000,1925.93000,1901.43000,1917.00000,73229
2016.02.22,00:00,1913.93000,1946.68000,1911.35000,1936.93000,59974
2016.02.23,00:00,1936.30000,1940.93000,1916.85000,1917.17000,68794
2016.02.24,00:00,1917.00000,1936.67000,1889.85000,1936.67000,96392
2016.02.25,00:00,1936.50000,1953.92000,1922.92000,1952.17000,89497
2016.02.26,00:00,1952.00000,1971.17000,1944.42000,1945.00000,75068
2016.02.29,00:00,1945.55000,1957.68000,1929.17000,1929.67000,80533
2016.03.01,00:00,1930.85000,1979.92000,1922.42000,1978.92000,81445
2016.03.02,00:00,1977.92000,1986.18000,1967.93000,1983.42000,79405
2016.03.03,00:00,1983.35000,1993.92000,1976.18000,1993.42000,61636
2016.03.04,00:00,1992.67000,2008.92000,1985.67000,1996.50000,79590
2016.03.07,00:00,1995.98000,2005.93000,1986.00000,2001.17000,70966
2016.03.08,00:00,2000.42000,2001.67000,1977.43000,1983.93000,82790
2016.03.09,00:00,1983.05000,1995.42000,1979.68000,1990.17000,72286
2016.03.10,00:00,1990.60000,2010.68000,1967.93000,1990.42000,119152
2016.03.11,00:00,1988.92000,2022.68000,1988.10000,2020.25000,44260
2016.03.14,00:00,2019.73000,2024.17000,2011.35000,2018.18000,33422
2016.03.15,00:00,2018.35000,2019.18000,2004.17000,2016.30000,33035
2016.03.16,00:00,2015.80000,2031.92000,2006.18000,2026.92000,48092
2016.03.17,00:00,2025.80000,2046.42000,2015.43000,2041.30000,44126
2016.03.18,00:00,2050.30000,2052.17000,2036.68000,2046.75000,61349
2016.03.21,00:00,2046.23000,2053.92000,2040.43000,2052.67000,49519
2016.03.22,00:00,2052.80000,2057.17000,2038.43000,2052.68000,58014
2016.03.23,00:00,2052.60000,2054.67000,2034.68000,2037.17000,57585
2016.03.24,00:00,2037.10000,2038.92000,2021.25000,2038.92000,53863
2016.03.28,00:00,2039.75000,2048.67000,2031.10000,2036.67000,26474
2016.03.29,00:00,2036.00000,2057.92000,2027.68000,2057.17000,62830
2016.03.30,00:00,2057.05000,2072.92000,2055.55000,2063.93000,57980
2016.03.31,00:00,2063.00000,2067.67000,2055.43000,2060.42000,56398
2016.04.01,00:00,2060.30000,2075.17000,2043.30000,2073.18000,81617
2016.04.04,00:00,2071.98000,2078.93000,2061.75000,2064.43000,52923
2016.04.05,00:00,2062.30000,2062.93000,2041.92000,2048.93000,73702
2016.04.06,00:00,2049.18000,2067.43000,2042.18000,2066.67000,67333
2016.04.07,00:00,2066.60000,2068.92000,2032.92000,2041.92000,72214
2016.04.08,00:00,2040.55000,2061.17000,2037.35000,2047.55000,67534
2016.04.11,00:00,2047.92000,2063.42000,2039.10000,2039.43000,66866
2016.04.12,00:00,2039.05000,2064.93000,2036.05000,2061.92000,61332
2016.04.13,00:00,2061.80000,2083.42000,2060.67000,2081.92000,53584
2016.04.14,00:00,2082.30000,2087.67000,2074.67000,2083.67000,42066
2016.04.15,00:00,2083.60000,2085.92000,2075.42000,2080.80000,36860
2016.04.18,00:00,2069.30000,2094.67000,2064.60000,2092.05000,43361
2016.04.19,00:00,2091.55000,2104.58000,2090.92000,2100.57000,49804
2016.04.20,00:00,2099.75000,2111.32000,2091.75000,2104.07000,43155
2016.04.21,00:00,2103.75000,2110.07000,2085.08000,2087.83000,46854
2016.04.22,00:00,2085.45000,2094.58000,2080.58000,2091.65000,48502
2016.04.25,00:00,2090.57000,2091.32000,2076.82000,2089.82000,38963
2016.04.26,00:00,2090.00000,2096.95000,2085.33000,2089.58000,34583
2016.04.27,00:00,2087.33000,2099.82000,2082.00000,2098.57000,43662
2016.04.28,00:00,2097.75000,2100.07000,2070.65000,2079.82000,45563
2016.04.29,00:00,2078.32000,2081.82000,2051.45000,2066.82000,55704
2016.05.02,00:00,2065.32000,2083.32000,2061.08000,2081.32000,41872
2016.05.03,00:00,2081.08000,2081.82000,2053.58000,2063.57000,54928
2016.05.04,00:00,2063.45000,2065.82000,2044.82000,2052.32000,54924
2016.05.05,00:00,2052.50000,2065.57000,2045.33000,2048.57000,46419
2016.05.06,00:00,2048.50000,2058.57000,2035.82000,2058.07000,61167
2016.05.09,00:00,2058.70000,2065.07000,2053.58000,2059.58000,46305
2016.05.10,00:00,2059.00000,2085.07000,2053.45000,2081.82000,37459
2016.05.11,00:00,2081.70000,2082.82000,2062.00000,2063.08000,36154
2016.05.12,00:00,2062.75000,2076.82000,2052.40000,2064.32000,45811
2016.05.13,00:00,2063.00000,2067.57000,2042.58000,2047.83000,59263
2016.05.16,00:00,2042.50000,2072.07000,2039.33000,2065.58000,26547
2016.05.17,00:00,2064.20000,2072.57000,2040.07000,2047.82000,47794
2016.05.18,00:00,2045.90000,2060.82000,2033.90000,2046.33000,66282
2016.05.19,00:00,2047.45000,2047.83000,2025.08000,2042.07000,52752
2016.05.20,00:00,2042.25000,2058.82000,2040.50000,2053.33000,33164
2016.05.23,00:00,2055.95000,2059.07000,2046.58000,2048.08000,32216
2016.05.24,00:00,2048.00000,2080.08000,2043.95000,2077.57000,26330
2016.05.25,00:00,2077.45000,2094.78000,2076.32000,2091.02000,24485
2016.05.26,00:00,2090.90000,2094.07000,2084.83000,2092.82000,20346
2016.05.27,00:00,2092.70000,2100.12000,2089.88000,2099.37000,17804
2016.05.30,00:00,2101.63000,2105.62000,2101.37000,2103.50000,4619
2016.05.31,00:00,2103.37000,2104.63000,2088.13000,2096.43000,22903
2016.06.01,00:00,2095.55000,2100.62000,2084.88000,2098.62000,27961
2016.06.02,00:00,2098.25000,2105.88000,2088.20000,2105.38000,28979
2016.06.03,00:00,2104.75000,2107.38000,2084.20000,2099.37000,32496
2016.06.06,00:00,2099.54000,2113.82000,2095.82000,2110.28000,22497
2016.06.07,00:00,2110.20000,2119.07000,2107.83000,2111.57000,15776
2016.06.08,00:00,2110.75000,2120.62000,2107.63000,2118.62000,14561
2016.06.09,00:00,2118.79000,2119.37000,2107.38000,2114.88000,18905
2016.06.10,00:00,2114.54000,2114.63000,2089.63000,2097.37000,15647
2016.06.13,00:00,2089.95000,2098.37000,2075.75000,2076.38000,32108
2016.06.14,00:00,2075.75000,2081.75000,2063.38000,2073.25000,36269
2016.06.15,00:00,2073.75000,2086.32000,2068.62000,2070.33000,34010
2016.06.16,00:00,2069.95000,2079.83000,2049.83000,2077.70000,38906
2016.06.17,00:00,2077.67000,2083.32000,2061.83000,2067.57000,42181
2016.06.20,00:00,2080.70000,2101.07000,2079.70000,2091.82000,31356
2016.06.21,00:00,2087.95000,2094.20000,2082.33000,2087.58000,36863
2016.06.22,00:00,2086.45000,2099.57000,2083.58000,2085.32000,33392
2016.06.23,00:00,2094.83000,2120.20000,2092.58000,2120.07000,42534
2016.06.24,00:00,2122.57000,2127.58000,2007.05000,2029.95000,95886
2016.06.27,00:00,2019.32000,2030.57000,1989.75000,1989.95000,44834
2016.06.28,00:00,1993.32000,2038.32000,1992.82000,2037.07000,23244
2016.06.29,00:00,2036.32000,2082.32000,2031.50000,2082.32000,26389
2016.06.30,00:00,2080.57000,2100.07000,2065.08000,2095.32000,33223
2016.07.01,00:00,2093.82000,2108.83000,2089.83000,2104.95000,22123
2016.07.04,00:00,2105.95000,2112.32000,2101.83000,2106.82000,5913
2016.07.05,00:00,2106.00000,2106.45000,2080.07000,2091.83000,24312
2016.07.06,00:00,2091.08000,2101.45000,2073.00000,2099.82000,35100
2016.07.07,00:00,2098.75000,2109.07000,2089.00000,2099.32000,26488
2016.07.08,00:00,2098.82000,2132.07000,2094.58000,2126.83000,24602
2016.07.11,00:00,2127.08000,2143.32000,2126.82000,2137.58000,19548
2016.07.12,00:00,2137.33000,2155.83000,2135.33000,2152.32000,14930
2016.07.13,00:00,2151.50000,2158.82000,2146.25000,2152.32000,15936
2016.07.14,00:00,2151.50000,2174.20000,2149.07000,2163.83000,19086
2016.07.15,00:00,2162.65000,2170.82000,2155.25000,2158.83000,15778
2016.07.18,00:00,2161.20000,2169.45000,2158.80000,2166.32000,16443
2016.07.19,00:00,2166.75000,2167.07000,2157.58000,2165.33000,14562
2016.07.20,00:00,2165.20000,2175.82000,2161.33000,2174.52000,11776
2016.07.21,00:00,2173.77000,2176.15000,2159.28000,2165.03000,13735
2016.07.22,00:00,2164.78000,2175.03000,2161.78000,2173.28000,11540
2016.07.25,00:00,2173.15000,2178.27000,2161.70000,2169.03000,12657
2016.07.26,00:00,2168.15000,2173.77000,2159.78000,2171.77000,15178
2016.07.27,00:00,2170.90000,2175.03000,2157.85000,2169.03000,20778
2016.07.28,00:00,2168.53000,2173.57000,2158.83000,2171.07000,17814
2016.07.29,00:00,2170.82000,2177.08000,2162.57000,2175.95000,20416
2016.08.01,00:00,2178.83000,2182.82000,2165.00000,2170.83000,14941
2016.08.02,00:00,2171.08000,2176.08000,2147.25000,2158.58000,18520
2016.08.03,00:00,2158.00000,2163.32000,2150.57000,2162.33000,19150
2016.08.04,00:00,2162.00000,2168.33000,2158.25000,2164.32000,17875
2016.08.05,00:00,2163.95000,2182.57000,2163.70000,2181.07000,13325
2016.08.08,00:00,2181.32000,2187.07000,2177.33000,2180.58000,8192
2016.08.09,00:00,2179.58000,2187.57000,2178.00000,2182.32000,9231
2016.08.10,00:00,2180.40000,2184.78000,2171.28000,2176.03000,11597
2016.08.11,00:00,2175.20000,2188.65000,2173.53000,2185.28000,10533
2016.08.12,00:00,2185.20000,2187.08000,2178.83000,2183.32000,9928
2016.08.15,00:00,2183.95000,2193.87000,2183.82000,2188.88000,6800
2016.08.16,00:00,2188.75000,2188.83000,2178.00000,2180.82000,10431
2016.08.17,00:00,2180.07000,2184.07000,2167.75000,2183.32000,14579
2016.08.18,00:00,2183.07000,2186.82000,2178.32000,2185.57000,12647
2016.08.19,00:00,2185.82000,2186.33000,2174.45000,2183.78000,15422
2016.08.22,00:00,2184.10000,2186.27000,2175.45000,2183.28000,22420
2016.08.23,00:00,2182.40000,2193.35000,2181.27000,2187.53000,16304
2016.08.24,00:00,2187.15000,2189.54000,2170.60000,2176.78000,22277
2016.08.25,00:00,2176.28000,2179.27000,2169.35000,2175.57000,19095
2016.08.26,00:00,2175.15000,2188.07000,2158.83000,2169.83000,24358
2016.08.29,00:00,2166.33000,2183.52000,2166.02000,2181.52000,13455
2016.08.30,00:00,2180.47000,2182.34000,2169.45000,2176.77000,16745
2016.08.31,00:00,2176.65000,2176.72000,2160.23000,2169.47000,20946
2016.09.01,00:00,2169.35000,2178.02000,2155.78000,2167.27000,27234
2016.09.02,00:00,2167.90000,2184.85000,2165.40000,2178.97000,28159
2016.09.05,00:00,2180.22000,2183.22000,2176.23000,2179.48000,10029
2016.09.06,00:00,2179.33000,2186.87000,2174.29000,2186.63000,16695
2016.09.07,00:00,2185.60000,2187.35000,2178.08000,2185.17000,13562
2016.09.08,00:00,2185.15000,2190.02000,2176.70000,2179.02000,24865
2016.09.09,00:00,2177.52000,2179.03000,2123.15000,2123.52000,28879
2016.09.12,00:00,2123.10000,2163.52000,2107.95000,2158.78000,41052
2016.09.13,00:00,2154.90000,2157.15000,2119.53000,2132.60000,41154
2016.09.14,00:00,2131.60000,2141.52000,2119.28000,2122.53000,42154
2016.09.15,00:00,2122.65000,2150.87000,2114.38000,2143.50000,24298
2016.09.16,00:00,2142.70000,2142.82000,2129.93000,2139.32000,25915
2016.09.19,00:00,2139.20000,2154.22000,2135.22000,2141.22000,18454
2016.09.20,00:00,2141.40000,2150.58000,2136.25000,2137.08000,28121
2016.09.21,00:00,2137.83000,2164.58000,2133.58000,2163.58000,40638
2016.09.22,00:00,2163.07000,2179.82000,2160.07000,2176.08000,14804
2016.09.23,00:00,2175.58000,2176.78000,2163.52000,2165.90000,17785
2016.09.26,00:00,2163.77000,2167.03000,2144.20000,2147.28000,24809
2016.09.27,00:00,2147.03000,2161.27000,2140.28000,2159.52000,37184
2016.09.28,00:00,2159.40000,2172.27000,2150.78000,2169.52000,21921
2016.09.29,00:00,2169.27000,2173.77000,2144.03000,2154.53000,36172
2016.09.30,00:00,2151.28000,2175.27000,2142.70000,2165.53000,25223
2016.10.03,00:00,2166.28000,2170.40000,2152.45000,2161.07000,34126
2016.10.04,00:00,2160.65000,2166.68000,2142.50000,2151.20000,59128
2016.10.05,00:00,2150.37000,2164.50000,2147.25000,2160.13000,36522
2016.10.06,00:00,2160.00000,2163.35000,2148.90000,2161.73000,38402
2016.10.07,00:00,2161.98000,2167.47000,2143.90000,2152.70000,55300
2016.10.10,00:00,2158.85000,2170.02000,2154.45000,2165.83000,28972
2016.10.11,00:00,2165.65000,2167.20000,2127.90000,2139.82000,49831
2016.10.12,00:00,2139.25000,2146.83000,2131.70000,2134.58000,46782
2016.10.13,00:00,2134.00000,2138.62000,2112.85000,2132.37000,60305
2016.10.14,00:00,2132.29000,2150.00000,2128.50000,2133.07000,49782
2016.10.17,00:00,2134.07000,2136.00000,2122.54000,2128.13000,41196
2016.10.18,00:00,2128.50000,2145.63000,2126.29000,2138.13000,37605
2016.10.19,00:00,2137.50000,2148.13000,2132.04000,2143.63000,28126
2016.10.20,00:00,2142.75000,2149.47000,2131.80000,2142.23000,36860
2016.10.21,00:00,2141.98000,2144.30000,2128.60000,2140.42000,38129
2016.10.24,00:00,2142.17000,2154.80000,2140.10000,2151.42000,25844
2016.10.25,00:00,2150.60000,2155.43000,2140.55000,2142.17000,29832
2016.10.26,00:00,2140.67000,2146.05000,2130.10000,2139.67000,36617
2016.10.27,00:00,2139.17000,2149.55000,2128.10000,2133.68000,53123
2016.10.28,00:00,2132.93000,2141.05000,2118.10000,2129.68000,64139
2016.10.31,00:00,2123.18000,2136.17000,2122.93000,2129.17000,37296
2016.11.01,00:00,2129.92000,2135.17000,2096.93000,2108.18000,26497
2016.11.02,00:00,2109.30000,2111.57000,2092.58000,2095.58000,31844
2016.11.03,00:00,2093.63000,2103.37000,2083.63000,2088.37000,23200
2016.11.04,00:00,2089.79000,2099.12000,2084.13000,2084.88000,35791
2016.11.07,00:00,2111.88000,2135.63000,2107.87000,2135.13000,24572
2016.11.08,00:00,2133.25000,2147.37000,2123.12000,2139.50000,18054
2016.11.09,00:00,2142.63000,2170.33000,2031.95000,2164.33000,138268
2016.11.10,00:00,2160.35000,2184.09000,2151.45000,2168.20000,99184
2016.11.11,00:00,2168.82000,2174.08000,2152.25000,2165.32000,44292
2016.11.14,00:00,2167.90000,2177.84000,2155.78000,2164.52000,47455
2016.11.15,00:00,2164.02000,2182.52000,2161.52000,2182.10000,27763
2016.11.16,00:00,2181.30000,2187.17000,2171.17000,2174.68000,23461
2016.11.17,00:00,2174.60000,2187.67000,2174.17000,2187.17000,25330
2016.11.18,00:00,2186.25000,2189.50000,2178.63000,2182.80000,26397
2016.11.21,00:00,2182.92000,2198.68000,2180.93000,2195.93000,14124
2016.11.22,00:00,2195.80000,2205.18000,2194.17000,2203.92000,16686
2016.11.23,00:00,2203.30000,2205.80000,2194.39000,2203.17000,15177
2016.11.24,00:00,2201.60000,2209.18000,2199.92000,2208.17000,4677
2016.11.25,00:00,2208.30000,2212.43000,2204.85000,2212.43000,9925
2016.11.28,00:00,2209.68000,2211.25000,2200.18000,2201.68000,17787
2016.11.29,00:00,2201.93000,2210.67000,2197.68000,2204.68000,21371
2016.11.30,00:00,2204.10000,2214.85000,2198.18000,2199.18000,21573
2016.12.01,00:00,2199.43000,2203.92000,2186.85000,2192.17000,32677
2016.12.02,00:00,2191.35000,2197.93000,2185.10000,2192.80000,23696
2016.12.05,00:00,2183.17000,2209.42000,2179.93000,2206.17000,29988
2016.12.06,00:00,2205.42000,2212.67000,2200.93000,2212.17000,23227
2016.12.07,00:00,2211.27000,2241.52000,2207.02000,2237.02000,14211
2016.12.08,00:00,2236.32000,2251.78000,2233.28000,2248.02000,22439
2016.12.09,00:00,2247.65000,2261.02000,2245.52000,2260.02000,11359
2016.12.12,00:00,2261.02000,2270.70000,2252.77000,2256.65000,17805
2016.12.13,00:00,2255.15000,2277.72000,2252.90000,2272.98000,18866
2016.12.14,00:00,2272.23000,2276.72000,2247.85000,2256.60000,28795
2016.12.15,00:00,2256.23000,2272.22000,2251.98000,2264.23000,27056
2016.12.16,00:00,2263.20000,2268.03000,2253.73000,2259.47000,10348
2016.12.19,00:00,2260.35000,2267.75000,2257.98000,2264.72000,12270
2016.12.20,00:00,2264.80000,2273.17000,2263.85000,2270.75000,7341
2016.12.21,00:00,2271.42000,2271.42000,2261.15000,2261.72000,6044
2016.12.22,00:00,2261.52000,2263.78000,2254.53000,2260.77000,6806
2016.12.23,00:00,2260.40000,2263.78000,2257.27000,2262.65000,6410
2016.12.27,00:00,2261.90000,2272.57000,2261.00000,2264.08000,6602
2016.12.28,00:00,2264.45000,2270.82000,2246.83000,2248.33000,9213
2016.12.29,00:00,2249.50000,2253.14000,2242.83000,2249.82000,12600
2016.12.30,00:00,2249.70000,2256.57000,2232.33000,2239.08000,17795
2017.01.03,00:00,2247.15000,2263.57000,2243.58000,2256.57000,25427
2017.01.04,00:00,2256.45000,2271.83000,2254.75000,2268.82000,19177
2017.01.05,00:00,2269.57000,2270.58000,2258.83000,2269.82000,21455
2017.01.06,00:00,2268.80000,2281.67000,2263.18000,2275.75000,22187
2017.01.09,00:00,2275.67000,2280.45000,2268.83000,2269.40000,22289
2017.01.10,00:00,2270.08000,2279.07000,2264.75000,2269.32000,24208
2017.01.11,00:00,2268.82000,2276.83000,2260.33000,2276.32000,35265
2017.01.12,00:00,2275.45000,2275.58000,2253.83000,2269.58000,17767
2017.01.13,00:00,2269.95000,2278.57000,2268.20000,2277.57000,10863
2017.01.16,00:00,2274.82000,2274.82000,2270.32000,2271.82000,5134
2017.01.17,00:00,2271.32000,2272.58000,2262.55000,2267.32000,12940
2017.01.18,00:00,2266.35000,2273.52000,2263.27000,2270.03000,8642
2017.01.19,00:00,2270.40000,2274.27000,2258.03000,2266.52000,9458
2017.01.20,00:00,2266.15000,2277.52000,2264.77000,2270.77000,14459
2017.01.23,00:00,2270.27000,2271.78000,2256.25000,2265.77000,9472
2017.01.24,00:00,2265.27000,2284.77000,2263.95000,2280.03000,7108
2017.01.25,00:00,2280.15000,2299.75000,2279.27000,2298.27000,7448
2017.01.26,00:00,2298.15000,2303.78000,2294.02000,2298.77000,6989
2017.01.27,00:00,2298.27000,2301.08000,2291.53000,2293.28000,9806
2017.01.30,00:00,2287.53000,2290.02000,2267.53000,2280.52000,11080
2017.01.31,00:00,2280.02000,2282.53000,2266.65000,2281.77000,10955
2017.02.01,00:00,2281.02000,2288.77000,2272.25000,2278.78000,14534
2017.02.02,00:00,2278.60000,2282.77000,2267.95000,2278.02000,10490
2017.02.03,00:00,2277.77000,2297.77000,2274.45000,2294.90000,8088
2017.02.06,00:00,2296.65000,2298.02000,2287.45000,2291.02000,8783
2017.02.07,00:00,2290.40000,2299.28000,2288.52000,2290.52000,9909
2017.02.08,00:00,2289.45000,2295.57000,2284.77000,2294.08000,13125
2017.02.09,00:00,2293.55000,2311.27000,2291.02000,2307.53000,13749
2017.02.10,00:00,2307.18000,2318.93000,2306.42000,2315.93000,12872
2017.02.13,00:00,2316.68000,2331.77000,2316.45000,2329.53000,8155
2017.02.14,00:00,2329.45000,2339.82000,2322.07000,2337.95000,12424
2017.02.15,00:00,2337.55000,2353.18000,2332.88000,2352.42000,19992
2017.02.16,00:00,2351.60000,2352.22000,2338.42000,2347.42000,12376
2017.02.17,00:00,2346.92000,2349.93000,2337.93000,2349.05000,16636
2017.02.20,00:00,2347.92000,2358.05000,2347.42000,2355.43000,4281
2017.02.21,00:00,2354.18000,2366.27000,2350.42000,2361.53000,9888
2017.02.22,00:00,2361.25000,2365.13000,2356.62000,2363.62000,12049
2017.02.23,00:00,2363.07000,2368.97000,2354.66000,2363.98000,9505
2017.02.24,00:00,2362.35000,2366.72000,2350.71000,2365.97000,13862
2017.02.27,00:00,2366.47000,2371.33000,2361.87000,2366.32000,14132
2017.02.28,00:00,2367.25000,2369.32000,2358.25000,2365.57000,9358
2017.03.01,00:00,2365.05000,2401.18000,2363.67000,2392.93000,15786
2017.03.02,00:00,2393.23000,2394.48000,2378.23000,2380.98000,13772
2017.03.03,00:00,2380.60000,2383.62000,2373.90000,2381.62000,10402
2017.03.06,00:00,2378.75000,2379.07000,2368.02000,2371.77000,9777
2017.03.07,00:00,2372.55000,2375.93000,2364.92000,2366.93000,11400
2017.03.08,00:00,2365.10000,2373.17000,2360.05000,2363.67000,9305
2017.03.09,00:00,2363.42000,2369.13000,2354.05000,2367.87000,11218
2017.03.10,00:00,2367.37000,2379.63000,2362.38000,2371.75000,14942
2017.03.13,00:00,2371.88000,2374.43000,2367.40000,2373.68000,13115
2017.03.14,00:00,2373.55000,2373.93000,2357.43000,2366.18000,27826
2017.03.15,00:00,2366.30000,2390.20000,2365.95000,2381.65000,14269
2017.03.16,00:00,2381.28000,2391.38000,2376.37000,2382.12000,9150
2017.03.17,00:00,2381.62000,2385.42000,2376.00000,2378.17000,10634
2017.03.20,00:00,2376.05000,2379.28000,2369.03000,2372.78000,11638
2017.03.21,00:00,2372.03000,2381.90000,2341.35000,2344.27000,34230
2017.03.22,00:00,2344.52000,2352.02000,2335.62000,2345.07000,41427
2017.03.23,00:00,2345.70000,2358.99000,2341.47000,2343.73000,26425
2017.03.24,00:00,2344.73000,2355.72000,2334.98000,2347.73000,27221
2017.03.27,00:00,2339.35000,2347.85000,2321.08000,2343.48000,38661
2017.03.28,00:00,2343.30000,2363.86000,2336.91000,2355.63000,17886
2017.03.29,00:00,2355.50000,2362.73000,2351.97000,2359.98000,15576
2017.03.30,00:00,2359.60000,2370.02000,2356.77000,2368.78000,14702
2017.03.31,00:00,2368.90000,2370.53000,2360.78000,2362.53000,11043
2017.04.03,00:00,2361.78000,2366.97000,2343.64000,2358.22000,24523
2017.04.04,00:00,2357.70000,2362.13000,2348.37000,2361.88000,19839
2017.04.05,00:00,2362.05000,2378.42000,2347.17000,2348.43000,24890
2017.04.06,00:00,2348.48000,2363.72000,2340.73000,2357.72000,24688
2017.04.07,00:00,2358.10000,2363.48000,2339.67000,2355.18000,31374
2017.04.10,00:00,2354.92000,2366.03000,2350.53000,2356.78000,17294
2017.04.11,00:00,2356.90000,2358.68000,2336.18000,2354.42000,32871
2017.04.12,00:00,2354.30000,2359.37000,2340.57000,2343.02000,26211
2017.04.13,00:00,2343.15000,2348.37000,2327.20000,2331.12000,24144
2017.04.17,00:00,2328.00000,2349.37000,2326.13000,2348.62000,10618
2017.04.18,00:00,2348.50000,2350.17000,2333.68000,2341.43000,22980
2017.04.19,00:00,2340.95000,2352.33000,2334.57000,2335.58000,18750
2017.04.20,00:00,2338.33000,2361.45000,2336.83000,2355.33000,19554
2017.04.21,00:00,2355.08000,2359.33000,2343.95000,2350.57000,18721
2017.04.24,00:00,2370.70000,2380.00000,2368.57000,2373.58000,22228
2017.04.25,00:00,2372.70000,2392.23000,2371.23000,2386.73000,13762
2017.04.26,00:00,2386.10000,2397.82000,2384.82000,2385.07000,22525
2017.04.27,00:00,2384.65000,2391.63000,2381.48000,2390.67000,16936
2017.04.28,00:00,2389.55000,2392.12000,2381.87000,2384.13000,11980
2017.05.01,00:00,2384.50000,2394.13000,2380.63000,2390.37000,11632
2017.05.02,00:00,2389.45000,2392.23000,2385.38000,2388.13000,13248
2017.05.03,00:00,2385.88000,2389.47000,2378.82000,2385.98000,15962
2017.05.04,00:00,2385.10000,2394.40000,2379.63000,2390.13000,19044
2017.05.05,00:00,2389.63000,2401.47000,2382.72000,2401.47000,13837
2017.05.08,00:00,2404.80000,2405.72000,2392.94000,2398.27000,10289
2017.05.09,00:00,2397.80000,2403.52000,2392.03000,2396.27000,10986
2017.05.10,00:00,2394.37000,2399.57000,2390.15000,2397.33000,13446
2017.05.11,00:00,2396.98000,2397.34000,2380.68000,2392.47000,14091
2017.05.12,00:00,2392.85000,2393.90000,2386.54000,2391.02000,11499
2017.05.15,00:00,2390.77000,2404.32000,2390.20000,2402.32000,9457
2017.05.16,00:00,2400.70000,2405.89000,2395.11000,2398.70000,14929
2017.05.17,00:00,2396.50000,2396.68000,2355.78000,2357.30000,40364
2017.05.18,00:00,2356.60000,2376.07000,2345.83000,2364.83000,46319
2017.05.19,00:00,2365.58000,2388.77000,2362.03000,2382.52000,19482
2017.05.22,00:00,2382.40000,2395.32000,2379.57000,2394.82000,10217
2017.05.23,00:00,2393.90000,2400.57000,2388.08000,2398.58000,12765
2017.05.24,00:00,2397.65000,2405.32000,2396.08000,2404.32000,10907
2017.05.25,00:00,2403.90000,2418.63000,2403.52000,2414.38000,16071
2017.05.26,00:00,2414.08000,2416.40000,2408.81000,2414.58000,13650
2017.05.29,00:00,2415.20000,2417.52000,2414.47000,2414.97000,3065
2017.05.30,00:00,2414.80000,2415.12000,2408.37000,2411.90000,10973
2017.05.31,00:00,2411.23000,2417.12000,2403.13000,2414.63000,15443
2017.06.01,00:00,2413.83000,2430.52000,2410.73000,2429.48000,12729
2017.06.02,00:00,2429.35000,2439.92000,2427.43000,2437.93000,16376
2017.06.05,00:00,2436.68000,2439.18000,2433.43000,2435.43000,8008
2017.06.06,00:00,2434.68000,2436.03000,2426.78000,2430.28000,14285
2017.06.07,00:00,2429.65000,2434.91000,2424.13000,2432.43000,18503
2017.06.08,00:00,2432.30000,2439.07000,2427.66000,2434.83000,17314
2017.06.09,00:00,2428.70000,2446.07000,2415.07000,2431.07000,34152
2017.06.12,00:00,2429.45000,2431.08000,2419.12000,2429.38000,28978
2017.06.13,00:00,2427.90000,2440.79000,2426.78000,2439.53000,18146
2017.06.14,00:00,2439.70000,2445.28000,2427.78000,2436.02000,29275
2017.06.15,00:00,2435.25000,2436.35000,2418.47000,2433.63000,21585
2017.06.16,00:00,2434.70000,2438.16000,2421.88000,2432.92000,16357
2017.06.19,00:00,2435.88000,2453.47000,2434.98000,2449.72000,10994
2017.06.20,00:00,2450.10000,2453.18000,2436.17000,2438.93000,13322
2017.06.21,00:00,2438.10000,2442.08000,2430.08000,2434.41000,20133
2017.06.22,00:00,2433.40000,2441.08000,2430.33000,2433.78000,15552
2017.06.23,00:00,2434.02000,2441.37000,2430.87000,2437.14000,11303
2017.06.26,00:00,2434.95000,2449.88000,2432.38000,2438.13000,13010
2017.06.27,00:00,2437.90000,2439.65000,2419.15000,2420.38000,23077
2017.06.28,00:00,2420.67000,2444.38000,2415.87000,2444.38000,19863
2017.06.29,00:00,2443.75000,2446.87000,2404.38000,2423.12000,35804
2017.06.30,00:00,2423.75000,2431.87000,2417.12000,2423.15000,24232
2017.07.03,00:00,2424.95000,2438.69000,2424.37000,2435.92000,10846
2017.07.04,00:00,2424.88000,2433.38000,2423.38000,2426.88000,7217
2017.07.05,00:00,2426.68000,2433.98000,2420.73000,2430.02000,21577
2017.07.06,00:00,2428.45000,2431.15000,2406.08000,2409.08000,23005
2017.07.07,00:00,2410.45000,2426.87000,2409.45000,2424.62000,15520
2017.07.10,00:00,2425.87000,2431.87000,2421.38000,2426.13000,9286
2017.07.11,00:00,2424.75000,2429.65000,2412.37000,2427.12000,14063
2017.07.12,00:00,2426.30000,2445.42000,2424.42000,2442.92000,10275
2017.07.13,00:00,2442.86000,2448.57000,2440.83000,2448.07000,11906
2017.07.14,00:00,2447.82000,2463.12000,2444.13000,2458.38000,8957
2017.07.17,00:00,2459.15000,2462.28000,2456.03000,2461.52000,9322
2017.07.18,00:00,2460.72000,2462.70000,2449.67000,2461.93000,13345
2017.07.19,00:00,2461.10000,2473.48000,2459.48000,2472.97000,9140
2017.07.20,00:00,2471.56000,2477.53000,2467.03000,2474.28000,13445
2017.07.21,00:00,2473.90000,2476.52000,2464.28000,2470.78000,13273
2017.07.24,00:00,2470.30000,2471.68000,2464.80000,2468.71000,9047
2017.07.25,00:00,2467.93000,2480.17000,2467.93000,2476.68000,9811
2017.07.26,00:00,2476.30000,2480.96000,2473.00000,2475.67000,10234
2017.07.27,00:00,2476.38000,2481.38000,2458.13000,2473.12000,18596
2017.07.28,00:00,2472.27000,2472.27000,2462.28000,2471.77000,13755
2017.07.31,00:00,2470.40000,2476.58000,2466.90000,2470.33000,9581
2017.08.01,00:00,2469.83000,2479.33000,2468.08000,2476.58000,9737
2017.08.02,00:00,2477.10000,2477.69000,2465.19000,2475.68000,13974
2017.08.03,00:00,2474.42000,2475.77000,2467.53000,2471.77000,11865
2017.08.04,00:00,2472.47000,2479.16000,2469.23000,2473.66000,10700
2017.08.07,00:00,2473.65000,2480.14000,2473.53000,2479.87000,5411
2017.08.08,00:00,2478.40000,2490.33000,2469.40000,2473.27000,10536
2017.08.09,00:00,2471.85000,2475.97000,2460.73000,2475.47000,18502
2017.08.10,00:00,2473.90000,2474.07000,2433.57000,2434.83000,27800
2017.08.11,00:00,2435.25000,2446.87000,2430.88000,2440.62000,20780
2017.08.14,00:00,2443.40000,2467.07000,2443.40000,2465.58000,10992
2017.08.15,00:00,2463.95000,2473.33000,2460.22000,2464.82000,11429
2017.08.16,00:00,2464.20000,2473.57000,2461.12000,2466.32000,15206
2017.08.17,00:00,2465.44000,2468.44000,2423.87000,2426.63000,29886
2017.08.18,00:00,2426.07000,2439.88000,2420.11000,2427.61000,25599
2017.08.21,00:00,2428.37000,2431.88000,2416.54000,2429.22000,21352
2017.08.22,00:00,2429.35000,2454.72000,2428.73000,2454.22000,10552
2017.08.23,00:00,2452.77000,2455.32000,2439.51000,2440.32000,14275
2017.08.24,00:00,2439.95000,2449.57000,2435.15000,2443.07000,16882
2017.08.25,00:00,2442.65000,2454.24000,2438.20000,2443.37000,18147
2017.08.28,00:00,2439.70000,2449.82000,2437.07000,2445.07000,11937
2017.08.29,00:00,2428.40000,2448.82000,2421.53000,2447.53000,24043
2017.08.30,00:00,2446.39000,2459.44000,2442.55000,2455.43000,13285
2017.08.31,00:00,2455.45000,2474.12000,2454.78000,2470.37000,15637
2017.09.01,00:00,2470.50000,2480.03000,2470.37000,2474.28000,11823
2017.09.04,00:00,2461.53000,2469.28000,2461.53000,2468.77000,5872
2017.09.05,00:00,2467.40000,2471.78000,2446.03000,2460.27000,22162
2017.09.06,00:00,2460.15000,2469.27000,2457.02000,2464.78000,19011
2017.09.07,00:00,2462.69000,2468.54000,2457.65000,2466.02000,18684
2017.09.08,00:00,2465.92000,2467.27000,2456.78000,2462.53000,18361
2017.09.11,00:00,2472.40000,2489.41000,2469.53000,2488.87000,13593
2017.09.12,00:00,2487.90000,2496.98000,2486.97000,2496.73000,13541
2017.09.13,00:00,2496.98000,2497.77000,2491.28000,2497.15000,8808
2017.09.14,00:00,2495.60000,2497.97000,2489.10000,2495.97000,10318
2017.09.15,00:00,2494.95000,2499.82000,2488.80000,2498.82000,11633
2017.09.18,00:00,2500.57000,2507.58000,2499.45000,2504.57000,9612
2017.09.19,00:00,2504.82000,2508.06000,2502.92000,2505.31000,11426
2017.09.20,00:00,2504.55000,2509.02000,2495.86000,2506.58000,14607
2017.09.21,00:00,2506.03000,2507.83000,2498.30000,2502.33000,10528
2017.09.22,00:00,2502.51000,2502.70000,2493.93000,2500.92000,13189
2017.09.25,00:00,2499.55000,2506.57000,2487.32000,2500.07000,20683
2017.09.26,00:00,2499.87000,2503.47000,2494.38000,2497.23000,13402
2017.09.27,00:00,2497.10000,2511.47000,2495.22000,2505.98000,14952
2017.09.28,00:00,2504.10000,2509.72000,2500.73000,2509.47000,14935
2017.09.29,00:00,2508.60000,2520.05000,2507.18000,2519.17000,11543
2017.10.02,00:00,2520.17000,2530.40000,2519.67000,2530.12000,11946
2017.10.03,00:00,2529.40000,2535.71000,2527.67000,2535.17000,9604
2017.10.04,00:00,2534.70000,2540.47000,2531.66000,2538.35000,8200
2017.10.05,00:00,2537.22000,2552.63000,2536.52000,2551.02000,8345
2017.10.06,00:00,2550.08000,2551.50000,2543.05000,2546.98000,11159
2017.10.09,00:00,2546.55000,2552.18000,2541.18000,2545.19000,8121
2017.10.10,00:00,2545.05000,2555.18000,2544.55000,2550.92000,10936
2017.10.11,00:00,2550.38000,2555.07000,2546.03000,2554.07000,7973
2017.10.12,00:00,2553.85000,2554.97000,2547.80000,2550.22000,6155
2017.10.13,00:00,2549.60000,2557.56000,2548.88000,2554.42000,8790
2017.10.16,00:00,2554.55000,2559.37000,2552.05000,2557.22000,9403
2017.10.17,00:00,2557.35000,2559.47000,2553.80000,2558.22000,6934
2017.10.18,00:00,2558.10000,2564.13000,2557.97000,2562.37000,7724
2017.10.19,00:00,2561.70000,2563.07000,2544.33000,2562.82000,18511
2017.10.20,00:00,2562.20000,2576.08000,2561.32000,2575.82000,9223
2017.10.23,00:00,2575.45000,2579.11000,2563.52000,2564.77000,11224
2017.10.24,00:00,2564.65000,2572.03000,2564.52000,2566.77000,10927
2017.10.25,00:00,2566.15000,2568.03000,2543.53000,2561.27000,22414
2017.10.26,00:00,2561.52000,2566.88000,2557.63000,2563.75000,18537
2017.10.27,00:00,2564.25000,2582.67000,2559.42000,2580.48000,10381
2017.10.30,00:00,2578.23000,2579.98000,2567.55000,2570.23000,9122
2017.10.31,00:00,2570.05000,2577.62000,2568.93000,2574.87000,3413
2017.11.01,00:00,2575.13000,2588.22000,2573.67000,2575.63000,10644
2017.11.02,00:00,2574.55000,2580.92000,2564.92000,2579.92000,9003
2017.11.03,00:00,2579.98000,2587.92000,2576.17000,2585.42000,4537
2017.11.06,00:00,2582.67000,2592.70000,2578.37000,2591.38000,8691
2017.11.07,00:00,2591.00000,2596.68000,2583.93000,2588.67000,9486
2017.11.08,00:00,2586.80000,2595.42000,2582.93000,2593.68000,4931
2017.11.09,00:00,2593.58000,2596.83000,2565.83000,2585.58000,14118
2017.11.10,00:00,2583.68000,2587.27000,2573.27000,2581.27000,8773
2017.11.13,00:00,2581.82000,2587.35000,2572.33000,2582.83000,7369
2017.11.14,00:00,2581.80000,2583.70000,2565.93000,2579.17000,9541
2017.11.15,00:00,2577.92000,2577.92000,2556.68000,2565.42000,12449
2017.11.16,00:00,2564.52000,2589.82000,2562.82000,2585.58000,8134
2017.11.17,00:00,2584.83000,2586.32000,2576.32000,2576.57000,7652
2017.11.20,00:00,2576.45000,2584.52000,2568.40000,2583.28000,7942
2017.11.21,00:00,2582.78000,2601.03000,2580.02000,2596.53000,8032
2017.11.22,00:00,2596.10000,2600.26000,2593.23000,2593.98000,8116
2017.11.23,00:00,2593.60000,2598.86000,2590.33000,2597.83000,4688
2017.11.24,00:00,2596.08000,2603.82000,2595.30000,2602.20000,4686
2017.11.27,00:00,2601.75000,2606.12000,2597.37000,2603.62000,7434
2017.11.28,00:00,2602.02000,2627.65000,2598.28000,2626.27000,7933
2017.11.29,00:00,2625.80000,2634.48000,2620.27000,2625.72000,11000
2017.11.30,00:00,2624.47000,2657.72000,2621.23000,2641.73000,11705
2017.12.01,00:00,2640.35000,2649.85000,2604.28000,2644.42000,38399
2017.12.04,00:00,2655.44000,2665.39000,2634.14000,2636.99000,47692
2017.12.05,00:00,2636.19000,2648.89000,2627.49000,2628.24000,41687
2017.12.06,00:00,2627.29000,2634.84000,2620.49000,2631.84000,43242
2017.12.07,00:00,2630.70000,2641.00000,2626.25000,2639.65000,32509
2017.12.08,00:00,2639.54000,2651.99000,2637.34000,2651.24000,24421
2017.12.11,00:00,2652.22000,2664.92000,2649.17000,2663.42000,24217
2017.12.12,00:00,2662.99000,2670.29000,2660.44000,2665.79000,25797
2017.12.13,00:00,2665.26000,2672.55000,2656.61000,2666.45000,26954
2017.12.14,00:00,2671.01000,2675.81000,2654.21000,2655.16000,27767
2017.12.15,00:00,2655.11000,2684.81000,2654.66000,2684.16000,25417
2017.12.18,00:00,2679.49000,2694.65000,2678.99000,2692.00000,22233
2017.12.19,00:00,2691.91000,2694.71000,2679.33000,2681.61000,22232
2017.12.20,00:00,2681.02000,2691.73000,2675.44000,2677.93000,25917
2017.12.21,00:00,2677.97000,2692.68000,2677.29000,2683.48000,20123
2017.12.22,00:00,2683.41000,2688.02000,2678.81000,2682.57000,16332
2017.12.26,00:00,2682.20000,2684.55000,2679.94000,2683.70000,10059
2017.12.27,00:00,2683.78000,2685.46000,2668.10000,2675.49000,16943
2017.12.28,00:00,2676.24000,2684.78000,2675.96000,2683.23000,11547
2017.12.29,00:00,2684.06000,2693.56000,2665.70000,2669.71000,16654
2018.01.02,00:00,2671.72000,2694.60000,2671.34000,2692.45000,22411
2018.01.03,00:00,2691.64000,2713.04000,2690.67000,2707.94000,17553
2018.01.04,00:00,2708.54000,2727.53000,2706.79000,2722.83000,20347
2018.01.05,00:00,2723.23000,2743.98000,2722.39000,2743.38000,18582
2018.01.08,00:00,2742.68000,2748.33000,2735.79000,2746.32000,17639
2018.01.09,00:00,2745.97000,2759.56000,2741.89000,2748.91000,19264
2018.01.10,00:00,2748.91000,2750.76000,2735.84000,2749.01000,27979
2018.01.11,00:00,2748.18000,2770.27000,2746.08000,2769.02000,18894
2018.01.12,00:00,2768.79000,2788.43000,2766.16000,2787.93000,22035
2018.01.15,00:00,2789.95000,2795.74000,2789.66000,2793.24000,13573
2018.01.16,00:00,2793.06000,2808.42000,2768.52000,2782.11000,33165
2018.01.17,00:00,2782.48000,2808.74000,2778.05000,2803.19000,33622
2018.01.18,00:00,2802.27000,2807.32000,2793.18000,2796.37000,35411
2018.01.19,00:00,2796.24000,2814.07000,2791.31000,2810.42000,30707
2018.01.22,00:00,2803.47000,2837.55000,2801.45000,2835.30000,24121
2018.01.23,00:00,2834.85000,2844.15000,2828.42000,2837.75000,31579
2018.01.24,00:00,2837.66000,2854.78000,2825.27000,2841.03000,42461
2018.01.25,00:00,2839.69000,2853.45000,2830.57000,2842.10000,42343
2018.01.26,00:00,2842.21000,2874.91000,2841.16000,2874.01000,30457
2018.01.29,00:00,2874.17000,2878.32000,2851.36000,2852.67000,34183
2018.01.30,00:00,2853.10000,2858.41000,2817.74000,2823.01000,60818
2018.01.31,00:00,2823.24000,2839.24000,2811.20000,2824.58000,49464
2018.02.01,00:00,2825.30000,2835.62000,2807.30000,2821.50000,56830
2018.02.02,00:00,2824.54000,2828.50000,2753.80000,2755.65000,88520
2018.02.05,00:00,2754.45000,2762.81000,2597.79000,2624.05000,120864
2018.02.06,00:00,2624.88000,2701.39000,2531.32000,2685.60000,246821
2018.02.07,00:00,2686.29000,2728.47000,2662.31000,2670.44000,176428
2018.02.08,00:00,2666.35000,2688.17000,2578.85000,2597.60000,187966
2018.02.09,00:00,2594.49000,2638.36000,2531.31000,2618.95000,225296
2018.02.12,00:00,2629.64000,2672.67000,2621.04000,2653.73000,142836
2018.02.13,00:00,2654.24000,2668.61000,2635.37000,2664.31000,123286
2018.02.14,00:00,2663.35000,2702.02000,2627.09000,2696.62000,112355
2018.02.15,00:00,2695.02000,2736.58000,2688.44000,2735.08000,102188
2018.02.16,00:00,2733.99000,2754.25000,2721.61000,2734.35000,95108
2018.02.19,00:00,2735.43000,2747.64000,2719.25000,2728.26000,39920
2018.02.20,00:00,2727.76000,2737.64000,2705.38000,2715.14000,101874
2018.02.21,00:00,2714.24000,2747.09000,2693.23000,2698.36000,102223
2018.02.22,00:00,2697.93000,2731.03000,2681.63000,2713.50000,113092
2018.02.23,00:00,2713.12000,2749.10000,2709.56000,2747.85000,83210
2018.02.26,00:00,2751.59000,2785.23000,2742.61000,2783.22000,68215
2018.02.27,00:00,2782.74000,2788.71000,2740.88000,2746.61000,104161
2018.02.28,00:00,2745.93000,2761.21000,2711.57000,2718.36000,108036
2018.03.01,00:00,2718.28000,2729.91000,2657.02000,2678.10000,162410
2018.03.02,00:00,2677.32000,2694.29000,2645.51000,2688.07000,154172
2018.03.05,00:00,2679.17000,2726.89000,2663.04000,2718.07000,122336
2018.03.06,00:00,2718.07000,2733.41000,2709.39000,2723.51000,101585
2018.03.07,00:00,2694.27000,2730.82000,2679.92000,2722.57000,129090
2018.03.08,00:00,2722.39000,2740.36000,2719.94000,2738.21000,85289
2018.03.09,00:00,2738.21000,2786.95000,2731.05000,2783.45000,69219
2018.03.12,00:00,2784.35000,2800.82000,2779.34000,2783.80000,59558
2018.03.13,00:00,2782.57000,2802.66000,2758.30000,2764.13000,80573
2018.03.14,00:00,2761.01000,2779.28000,2743.77000,2750.53000,98151
2018.03.15,00:00,2750.12000,2763.08000,2740.47000,2754.03000,79669
2018.03.16,00:00,2753.24000,2761.44000,2745.40000,2751.19000,53065
2018.03.19,00:00,2751.84000,2751.84000,2692.71000,2718.59000,74176
2018.03.20,00:00,2717.99000,2724.76000,2708.62000,2719.43000,80243
2018.03.21,00:00,2719.02000,2738.52000,2707.98000,2713.52000,74962
2018.03.22,00:00,2713.55000,2721.89000,2638.84000,2643.11000,118079
2018.03.23,00:00,2642.22000,2655.22000,2584.35000,2595.12000,150457
2018.03.26,00:00,2593.27000,2661.30000,2590.11000,2658.30000,136310
2018.03.27,00:00,2658.30000,2677.44000,2593.64000,2610.51000,102828
2018.03.28,00:00,2610.51000,2632.78000,2592.33000,2608.08000,167604
2018.03.29,00:00,2608.64000,2659.29000,2600.71000,2636.39000,133089
2018.04.02,00:00,2633.64000,2641.59000,2551.79000,2583.11000,132369
2018.04.03,00:00,2582.57000,2620.15000,2574.72000,2613.90000,130281
2018.04.04,00:00,2613.82000,2650.20000,2560.64000,2645.60000,150635
2018.04.05,00:00,2645.62000,2672.45000,2644.31000,2662.25000,113245
2018.04.06,00:00,2662.75000,2663.99000,2584.61000,2604.59000,173964
2018.04.09,00:00,2607.54000,2653.67000,2607.54000,2618.14000,111764
2018.04.10,00:00,2617.20000,2666.00000,2611.85000,2653.93000,149306
2018.04.11,00:00,2654.47000,2661.25000,2625.53000,2642.55000,108173
2018.04.12,00:00,2642.55000,2674.83000,2639.27000,2664.45000,92215
2018.04.13,00:00,2663.34000,2680.28000,2644.38000,2656.66000,91415
2018.04.16,00:00,2673.28000,2687.26000,2660.87000,2680.61000,79373
2018.04.17,00:00,2679.79000,2714.15000,2679.09000,2705.75000,63805
2018.04.18,00:00,2705.75000,2719.04000,2704.42000,2711.24000,62202
2018.04.19,00:00,2711.47000,2713.19000,2681.45000,2693.07000,75691
2018.04.20,00:00,2692.82000,2698.41000,2659.64000,2671.91000,80917
2018.04.23,00:00,2683.22000,2683.60000,2657.54000,2672.08000,70779
2018.04.24,00:00,2672.17000,2689.10000,2616.28000,2635.65000,93623
2018.04.25,00:00,2635.68000,2648.56000,2611.53000,2646.33000,101496
2018.04.26,00:00,2646.33000,2677.95000,2639.92000,2673.78000,72023
2018.04.27,00:00,2674.28000,2676.76000,2658.40000,2671.32000,65697
2018.04.30,00:00,2671.02000,2683.62000,2646.66000,2646.90000,31812
2018.05.01,00:00,2647.80000,2658.90000,2624.91000,2657.16000,56717
2018.05.02,00:00,2657.19000,2660.34000,2626.35000,2628.00000,60996
2018.05.03,00:00,2627.85000,2637.90000,2593.05000,2633.64000,76397
2018.05.04,00:00,2633.22000,2670.81000,2613.72000,2665.05000,59163
2018.05.07,00:00,2664.09000,2683.05000,2663.10000,2670.00000,53776
2018.05.08,00:00,2669.79000,2675.88000,2654.04000,2672.13000,64580
2018.05.09,00:00,2672.13000,2701.56000,2668.32000,2697.45000,50852
2018.05.10,00:00,2697.24000,2725.98000,2694.00000,2717.58000,41637
2018.05.11,00:00,2717.58000,2732.82000,2716.65000,2730.33000,46018
2018.05.14,00:00,2728.56000,2742.15000,2725.29000,2729.91000,37222
2018.05.15,00:00,2728.83000,2732.16000,2701.38000,2710.23000,64034
2018.05.16,00:00,2710.77000,2728.02000,2704.77000,2722.02000,44836
2018.05.17,00:00,2721.36000,2731.38000,2710.26000,2718.12000,47676
2018.05.18,00:00,2717.97000,2726.22000,2708.22000,2712.72000,49781
2018.05.21,00:00,2729.67000,2738.82000,2724.30000,2732.31000,34091
2018.05.22,00:00,2731.26000,2741.52000,2721.51000,2725.02000,18167
2018.05.23,00:00,2724.60000,2732.94000,2704.59000,2730.33000,59243
2018.05.24,00:00,2729.64000,2733.24000,2706.00000,2727.45000,54723
2018.05.25,00:00,2726.91000,2737.77000,2713.56000,2718.06000,48464
2018.05.28,00:00,2726.73000,2732.25000,2718.75000,2723.46000,24534
2018.05.29,00:00,2722.29000,2724.66000,2675.46000,2693.64000,86069
2018.05.30,00:00,2693.64000,2729.16000,2685.96000,2723.16000,62474
2018.05.31,00:00,2721.79000,2727.72000,2699.16000,2706.78000,61224
2018.06.01,00:00,2706.78000,2736.30000,2705.34000,2733.06000,46413
2018.06.04,00:00,2730.21000,2749.20000,2728.71000,2746.20000,40167
2018.06.05,00:00,2745.69000,2752.95000,2738.94000,2751.45000,37463
2018.06.06,00:00,2751.45000,2774.52000,2747.82000,2773.50000,33843
2018.06.07,00:00,2772.69000,2779.29000,2759.67000,2772.42000,47521
2018.06.08,00:00,2770.71000,2779.23000,2751.72000,2777.97000,58751
2018.06.11,00:00,2774.32000,2790.42000,2770.41000,2782.53000,48419
2018.06.12,00:00,2782.51000,2789.82000,2778.48000,2788.32000,58216
2018.06.13,00:00,2788.32000,2791.86000,2774.22000,2776.08000,35248
2018.06.14,00:00,2773.29000,2789.13000,2767.29000,2783.64000,39604
2018.06.15,00:00,2781.90000,2783.52000,2760.66000,2779.41000,49810
2018.06.18,00:00,2774.58000,2782.35000,2756.58000,2774.10000,37786
2018.06.19,00:00,2774.01000,2775.36000,2731.38000,2761.71000,73235
2018.06.20,00:00,2761.02000,2774.04000,2752.77000,2766.78000,50547
2018.06.21,00:00,2766.93000,2780.67000,2742.66000,2746.41000,58866
2018.06.22,00:00,2746.02000,2764.41000,2744.76000,2755.65000,42031
2018.06.25,00:00,2751.59000,2752.72000,2695.47000,2716.09000,19648
2018.06.26,00:00,2718.66000,2732.19000,2711.94000,2721.96000,62593
2018.06.27,00:00,2723.61000,2745.12000,2698.35000,2702.22000,83708
2018.06.28,00:00,2701.92000,2723.25000,2690.25000,2717.49000,85909
2018.06.29,00:00,2716.89000,2742.75000,2714.49000,2719.98000,66389
2018.07.02,00:00,2718.60000,2726.43000,2696.58000,2724.78000,67680
2018.07.03,00:00,2724.51000,2739.60000,2710.14000,2711.16000,55313
2018.07.04,00:00,2711.01000,2722.26000,2708.79000,2720.04000,28142
2018.07.05,00:00,2719.26000,2737.41000,2710.26000,2736.51000,63255
2018.07.06,00:00,2734.11000,2764.11000,2728.86000,2760.12000,59294
2018.07.09,00:00,2760.12000,2785.62000,2760.12000,2785.37000,8502
2018.07.10,00:00,2785.12000,2795.37000,2778.87000,2783.37000,8650
2018.07.11,00:00,2779.24000,2785.22000,2763.62000,2773.77000,17821
2018.07.12,00:00,2773.99000,2798.32000,2771.24000,2796.01000,9925
2018.07.13,00:00,2796.19000,2804.82000,2790.92000,2800.67000,8049
2018.07.16,00:00,2803.42000,2806.42000,2792.67000,2794.44000,20394
2018.07.17,00:00,2794.00000,2813.91000,2787.67000,2811.00000,24222
2018.07.18,00:00,2810.42000,2816.58000,2804.36000,2813.31000,20780
2018.07.19,00:00,2812.26000,2816.10000,2798.58000,2803.44000,42604
2018.07.20,00:00,2804.13000,2808.75000,2791.38000,2799.30000,50824
2018.07.23,00:00,2803.26000,2811.12000,2791.26000,2809.86000,44892
2018.07.24,00:00,2809.29000,2829.99000,2809.05000,2817.75000,44100
2018.07.25,00:00,2818.02000,2848.29000,2812.83000,2844.03000,41026
2018.07.26,00:00,2835.58000,2845.43000,2832.43000,2838.93000,45841
2018.07.27,00:00,2839.58000,2846.18000,2808.08000,2816.58000,50429
2018.07.30,00:00,2814.83000,2821.08000,2798.08000,2805.08000,45317
2018.07.31,00:00,2805.43000,2827.18000,2802.43000,2825.78000,42795
2018.08.01,00:00,2825.08000,2825.43000,2805.33000,2813.68000,46154
2018.08.02,00:00,2813.18000,2830.68000,2790.68000,2830.18000,47319
2018.08.03,00:00,2829.98000,2839.58000,2824.23000,2839.48000,36962
2018.08.06,00:00,2840.93000,2852.78000,2834.68000,2849.03000,30751
2018.08.07,00:00,2849.08000,2863.33000,2848.08000,2860.43000,25104
2018.08.08,00:00,2860.18000,2862.18000,2852.43000,2853.43000,24211
2018.08.09,00:00,2852.58000,2861.93000,2849.73000,2851.38000,24941
2018.08.10,00:00,2850.78000,2851.13000,2824.63000,2835.88000,46989
2018.08.13,00:00,2834.03000,2842.68000,2819.08000,2824.83000,54106
2018.08.14,00:00,2824.83000,2842.33000,2824.73000,2840.73000,40267
2018.08.15,00:00,2840.63000,2841.38000,2801.38000,2821.23000,56781
2018.08.16,00:00,2820.18000,2849.53000,2815.18000,2841.53000,43394
2018.08.17,00:00,2841.13000,2854.88000,2832.88000,2850.13000,45075
2018.08.20,00:00,2850.78000,2858.88000,2848.28000,2855.38000,33039
2018.08.21,00:00,2855.13000,2872.08000,2850.23000,2853.63000,28277
2018.08.22,00:00,2850.98000,2866.43000,2844.68000,2859.93000,31566
2018.08.23,00:00,2860.18000,2867.68000,2853.08000,2856.58000,33694
2018.08.24,00:00,2856.73000,2875.78000,2854.83000,2875.43000,29411
2018.08.27,00:00,2876.63000,2898.18000,2875.73000,2897.73000,23280
2018.08.28,00:00,2897.03000,2904.18000,2892.48000,2898.23000,25526
2018.08.29,00:00,2899.63000,2915.48000,2895.63000,2913.33000,28300
2018.08.30,00:00,2913.68000,2914.18000,2893.43000,2897.18000,40211
2018.08.31,00:00,2895.58000,2906.28000,2891.03000,2904.88000,41235
2018.09.03,00:00,2905.58000,2912.03000,2902.28000,2907.93000,19254
2018.09.04,00:00,2907.63000,2911.48000,2885.03000,2898.38000,49462
2018.09.05,00:00,2898.78000,2900.28000,2877.13000,2889.28000,52750
2018.09.06,00:00,2887.53000,2892.28000,2866.88000,2877.43000,59607
2018.09.07,00:00,2876.88000,2883.63000,2863.63000,2873.88000,73506
2018.09.10,00:00,2873.18000,2887.63000,2872.38000,2879.28000,53768
2018.09.11,00:00,2879.03000,2892.38000,2866.63000,2889.63000,44240
2018.09.12,00:00,2889.93000,2894.68000,2879.13000,2886.78000,55110
2018.09.13,00:00,2885.83000,2906.43000,2883.38000,2904.08000,43572
2018.09.14,00:00,2902.98000,2910.88000,2896.88000,2905.13000,42718
2018.09.17,00:00,2902.48000,2905.28000,2886.13000,2890.38000,54778
2018.09.18,00:00,2889.53000,2911.83000,2877.63000,2906.58000,72072
2018.09.19,00:00,2906.73000,2912.63000,2899.88000,2910.63000,38039
2018.09.20,00:00,2910.38000,2934.93000,2907.38000,2934.83000,33864
2018.09.21,00:00,2933.63000,2941.38000,2926.88000,2928.58000,34726
2018.09.24,00:00,2924.23000,2925.08000,2912.38000,2921.48000,37227
2018.09.25,00:00,2921.23000,2929.08000,2913.13000,2917.48000,30611
2018.09.26,00:00,2917.13000,2930.98000,2902.63000,2906.63000,32940
2018.09.27,00:00,2906.28000,2926.63000,2902.13000,2916.63000,36007
2018.09.28,00:00,2917.08000,2920.18000,2902.63000,2914.83000,42340
2018.10.01,00:00,2918.13000,2937.13000,2917.63000,2924.63000,35874
2018.10.02,00:00,2924.48000,2931.33000,2912.88000,2925.48000,41229
2018.10.03,00:00,2924.38000,2939.98000,2920.13000,2921.63000,37584
2018.10.04,00:00,2920.88000,2920.98000,2882.88000,2905.13000,61367
2018.10.05,00:00,2905.28000,2910.78000,2868.13000,2889.28000,79459
2018.10.08,00:00,2892.33000,2893.83000,2861.63000,2888.18000,80886
2018.10.09,00:00,2886.38000,2894.28000,2868.88000,2881.88000,76624
2018.10.10,00:00,2881.43000,2885.78000,2766.13000,2766.93000,112643
2018.10.11,00:00,2767.58000,2794.53000,2708.13000,2746.63000,202907
2018.10.12,00:00,2745.13000,2782.68000,2729.88000,2766.33000,150609
2018.10.15,00:00,2767.88000,2774.88000,2741.63000,2743.23000,127038
2018.10.16,00:00,2743.23000,2816.28000,2741.63000,2813.68000,89200
2018.10.17,00:00,2813.38000,2821.83000,2780.63000,2813.48000,102388
2018.10.18,00:00,2806.83000,2809.68000,2753.38000,2772.33000,124247
2018.10.19,00:00,2772.33000,2797.38000,2759.13000,2764.63000,121617
2018.10.22,00:00,2755.38000,2779.48000,2747.13000,2754.23000,120212
2018.10.23,00:00,2753.73000,2754.88000,2689.63000,2743.53000,160993
2018.10.24,00:00,2743.63000,2748.48000,2650.88000,2672.88000,161443
2018.10.25,00:00,2671.63000,2722.13000,2657.38000,2679.28000,169001
2018.10.26,00:00,2676.43000,2691.58000,2626.38000,2669.23000,222432
2018.10.29,00:00,2666.28000,2706.48000,2602.63000,2638.63000,185321
2018.10.30,00:00,2637.88000,2689.68000,2632.88000,2688.78000,197898
2018.10.31,00:00,2688.78000,2736.58000,2681.38000,2705.58000,140137
2018.11.01,00:00,2705.13000,2741.13000,2705.13000,2732.28000,126499
2018.11.02,00:00,2724.13000,2765.83000,2699.38000,2723.73000,146257
2018.11.05,00:00,2722.68000,2744.03000,2712.88000,2740.18000,110137
2018.11.06,00:00,2739.33000,2761.13000,2729.88000,2758.88000,101705
2018.11.07,00:00,2756.88000,2817.93000,2744.88000,2817.18000,129203
2018.11.08,00:00,2814.78000,2816.88000,2793.88000,2805.03000,95290
2018.11.09,00:00,2803.88000,2809.73000,2763.13000,2777.58000,119532
2018.11.12,00:00,2777.98000,2794.38000,2721.38000,2729.78000,124735
2018.11.13,00:00,2730.98000,2755.13000,2713.88000,2728.23000,157341
2018.11.14,00:00,2728.68000,2746.78000,2684.88000,2700.33000,168954
2018.11.15,00:00,2700.33000,2734.73000,2669.13000,2731.88000,167337
2018.11.16,00:00,2729.58000,2746.43000,2706.63000,2740.08000,139674
2018.11.19,00:00,2731.33000,2746.88000,2680.38000,2696.53000,134452
2018.11.20,00:00,2695.03000,2695.63000,2630.63000,2635.68000,169942
2018.11.21,00:00,2637.48000,2670.08000,2631.13000,2647.83000,124813
2018.11.22,00:00,2648.58000,2655.13000,2627.63000,2631.83000,57274
2018.11.23,00:00,2633.83000,2646.43000,2625.13000,2627.78000,75841
2018.11.26,00:00,2632.38000,2675.48000,2630.63000,2660.23000,92310
2018.11.27,00:00,2660.23000,2686.13000,2654.63000,2685.53000,123673
2018.11.28,00:00,2685.48000,2744.23000,2680.38000,2740.58000,103458
2018.11.29,00:00,2737.53000,2753.38000,2722.13000,2740.78000,101782
2018.11.30,00:00,2740.38000,2763.23000,2727.63000,2762.63000,82171
2018.12.03,00:00,2760.73000,2812.88000,2760.73000,2789.28000,111889
2018.12.04,00:00,2789.03000,2789.28000,2694.88000,2700.63000,145151
2018.12.05,00:00,2700.13000,2720.08000,2696.88000,2717.08000,41845
2018.12.06,00:00,2712.53000,2712.53000,2619.88000,2693.83000,209211
2018.12.07,00:00,2692.73000,2707.83000,2621.63000,2633.13000,179613
2018.12.10,00:00,2623.98000,2647.23000,2581.63000,2640.43000,185083
2018.12.11,00:00,2641.28000,2676.83000,2620.33000,2630.33000,155894
2018.12.12,00:00,2630.33000,2685.43000,2630.33000,2649.58000,139973
2018.12.13,00:00,2650.93000,2669.63000,2635.63000,2644.23000,144481
2018.12.14,00:00,2644.88000,2647.23000,2592.63000,2599.88000,130483
2018.12.17,00:00,2591.38000,2612.38000,2529.38000,2552.73000,155193
2018.12.18,00:00,2552.23000,2573.53000,2526.88000,2528.93000,169180
2018.12.19,00:00,2527.68000,2584.78000,2486.58000,2499.53000,143949
2018.12.20,00:00,2500.13000,2515.98000,2439.63000,2485.83000,206479
2018.12.21,00:00,2483.38000,2505.83000,2407.63000,2410.38000,191266
2018.12.24,00:00,2401.78000,2432.83000,2339.13000,2339.93000,139328
2018.12.26,00:00,2346.63000,2476.63000,2315.63000,2466.88000,215927
2018.12.27,00:00,2466.88000,2497.38000,2396.38000,2487.88000,228749
2018.12.28,00:00,2490.08000,2520.08000,2471.63000,2485.58000,187540
2018.12.31,00:00,2498.08000,2511.18000,2481.63000,2507.58000,104018
2019.01.02,00:00,2507.08000,2520.13000,2451.63000,2490.43000,195185
2019.01.03,00:00,2479.63000,2492.18000,2442.13000,2450.28000,193536
2019.01.04,00:00,2450.08000,2538.08000,2437.38000,2529.38000,188331
2019.01.07,00:00,2529.53000,2566.53000,2523.13000,2552.38000,148023
2019.01.08,00:00,2552.58000,2580.63000,2547.13000,2569.38000,133374
2019.01.09,00:00,2568.28000,2595.63000,2567.38000,2580.78000,130347
2019.01.10,00:00,2578.63000,2598.18000,2559.38000,2594.18000,128999
2019.01.11,00:00,2594.18000,2596.63000,2576.13000,2594.13000,93587
2019.01.14,00:00,2587.29000,2590.54000,2566.04000,2580.29000,27142
2019.01.15,00:00,2580.28000,2612.53000,2579.03000,2605.03000,35763
2019.01.16,00:00,2604.56000,2625.31000,2601.56000,2614.56000,28111
2019.01.17,00:00,2613.20000,2644.20000,2595.20000,2636.70000,32429
2019.01.18,00:00,2635.76000,2675.01000,2631.76000,2670.26000,31753
2019.01.21,00:00,2670.49000,2672.19000,2655.09000,2662.59000,18229
2019.01.22,00:00,2658.25000,2665.40000,2615.90000,2632.35000,35509
2019.01.23,00:00,2630.49000,2653.24000,2612.24000,2637.24000,34343
2019.01.24,00:00,2635.13000,2646.93000,2625.88000,2636.88000,35546
2019.01.25,00:00,2636.35000,2671.99000,2634.49000,2662.99000,28792
2019.01.28,00:00,2661.41000,2663.81000,2622.81000,2641.56000,32803
2019.01.29,00:00,2641.16000,2650.56000,2629.31000,2646.81000,26786
2019.01.30,00:00,2649.11000,2690.26000,2637.01000,2683.76000,28972
2019.01.31,00:00,2683.53000,2712.83000,2676.03000,2712.28000,28339
2019.02.01,00:00,2707.79000,2715.79000,2695.54000,2704.54000,30576
2019.02.04,00:00,2699.86000,2725.11000,2697.36000,2721.61000,19474
2019.02.05,00:00,2720.74000,2738.24000,2716.99000,2732.24000,14046
2019.02.06,00:00,2731.41000,2736.91000,2722.91000,2728.16000,16610
2019.02.07,00:00,2727.18000,2729.43000,2685.93000,2703.43000,28617
2019.02.08,00:00,2702.17000,2708.42000,2680.67000,2705.92000,25880
2019.02.11,00:00,2711.49000,2721.99000,2700.99000,2708.24000,20400
2019.02.12,00:00,2707.51000,2748.26000,2706.51000,2745.51000,15198
2019.02.13,00:00,2744.40000,2762.15000,2743.15000,2749.65000,14857
2019.02.14,00:00,2748.84000,2762.34000,2729.84000,2741.09000,22570
2019.02.15,00:00,2740.83000,2776.83000,2728.33000,2776.33000,23905
2019.02.18,00:00,2779.41000,2782.16000,2773.41000,2778.16000,12871
2019.02.19,00:00,2777.49000,2787.49000,2766.24000,2778.49000,14211
2019.02.20,00:00,2777.66000,2790.41000,2773.16000,2786.66000,16632
2019.02.21,00:00,2786.51000,2797.55000,2763.80000,2773.80000,21428
2019.02.22,00:00,2773.20000,2794.20000,2770.70000,2789.45000,14035
